f_init,rho_smg,p_smg,phi_0,wanted_value,c
0.0,NaN,NaN,NaN,NaN,NaN
0.01001001001001001,NaN,NaN,NaN,NaN,NaN
0.02002002002002002,NaN,NaN,NaN,NaN,NaN
0.03003003003003003,NaN,NaN,NaN,NaN,NaN
0.04004004004004004,NaN,NaN,NaN,NaN,NaN
0.050050050050050046,NaN,NaN,NaN,NaN,NaN
0.06006006006006006,NaN,NaN,NaN,NaN,NaN
0.07007007007007007,NaN,NaN,NaN,NaN,NaN
0.08008008008008008,NaN,NaN,NaN,NaN,NaN
0.09009009009009009,NaN,NaN,NaN,NaN,NaN
0.10010010010010009,NaN,NaN,NaN,NaN,NaN
0.11011011011011011,NaN,NaN,NaN,NaN,NaN
0.12012012012012012,NaN,NaN,NaN,NaN,NaN
0.13013013013013014,NaN,NaN,NaN,NaN,NaN
0.14014014014014015,NaN,NaN,NaN,NaN,NaN
0.15015015015015015,NaN,NaN,NaN,NaN,NaN
0.16016016016016016,NaN,NaN,NaN,NaN,NaN
0.17017017017017017,NaN,NaN,NaN,NaN,NaN
0.18018018018018017,NaN,NaN,NaN,NaN,NaN
0.19019019019019018,NaN,NaN,NaN,NaN,NaN
0.20020020020020018,NaN,NaN,NaN,NaN,NaN
0.21021021021021022,NaN,NaN,NaN,NaN,NaN
0.22022022022022023,NaN,NaN,NaN,NaN,NaN
0.23023023023023023,NaN,NaN,NaN,NaN,NaN
0.24024024024024024,NaN,NaN,NaN,NaN,NaN
0.2502502502502503,NaN,NaN,NaN,NaN,NaN
0.2602602602602603,NaN,NaN,NaN,NaN,NaN
0.2702702702702703,NaN,NaN,NaN,NaN,NaN
0.2802802802802803,NaN,NaN,NaN,NaN,NaN
0.2902902902902903,NaN,NaN,NaN,NaN,NaN
0.3003003003003003,NaN,NaN,NaN,NaN,NaN
0.3103103103103103,NaN,NaN,NaN,NaN,NaN
0.3203203203203203,NaN,NaN,NaN,NaN,NaN
0.3303303303303303,NaN,NaN,NaN,NaN,NaN
0.34034034034034033,NaN,NaN,NaN,NaN,NaN
0.35035035035035034,NaN,NaN,NaN,NaN,NaN
0.36036036036036034,NaN,NaN,NaN,NaN,NaN
0.37037037037037035,NaN,NaN,NaN,NaN,NaN
0.38038038038038036,NaN,NaN,NaN,NaN,NaN
0.39039039039039036,NaN,NaN,NaN,NaN,NaN
0.40040040040040037,NaN,NaN,NaN,NaN,NaN
0.41041041041041043,NaN,NaN,NaN,NaN,NaN
0.42042042042042044,NaN,NaN,NaN,NaN,NaN
0.43043043043043044,NaN,NaN,NaN,NaN,NaN
0.44044044044044045,NaN,NaN,NaN,NaN,NaN
0.45045045045045046,NaN,NaN,NaN,NaN,NaN
0.46046046046046046,NaN,NaN,NaN,NaN,NaN
0.47047047047047047,NaN,NaN,NaN,NaN,NaN
0.4804804804804805,NaN,NaN,NaN,NaN,NaN
0.4904904904904905,NaN,NaN,NaN,NaN,NaN
0.5005005005005005,NaN,NaN,NaN,NaN,NaN
0.5105105105105106,NaN,NaN,NaN,NaN,NaN
0.5205205205205206,NaN,NaN,NaN,NaN,NaN
0.5305305305305306,NaN,NaN,NaN,NaN,NaN
0.5405405405405406,NaN,NaN,NaN,NaN,NaN
0.5505505505505506,NaN,NaN,NaN,NaN,NaN
0.5605605605605606,NaN,NaN,NaN,NaN,NaN
0.5705705705705706,NaN,NaN,NaN,NaN,NaN
0.5805805805805806,NaN,NaN,NaN,NaN,NaN
0.5905905905905906,NaN,NaN,NaN,NaN,NaN
0.6006006006006006,NaN,NaN,NaN,NaN,NaN
0.6106106106106106,NaN,NaN,NaN,NaN,NaN
0.6206206206206206,NaN,NaN,NaN,NaN,NaN
0.6306306306306306,NaN,NaN,NaN,NaN,NaN
0.6406406406406406,NaN,NaN,NaN,NaN,NaN
0.6506506506506506,NaN,NaN,NaN,NaN,NaN
0.6606606606606606,NaN,NaN,NaN,NaN,NaN
0.6706706706706707,NaN,NaN,NaN,NaN,NaN
0.6806806806806807,NaN,NaN,NaN,NaN,NaN
0.6906906906906907,NaN,NaN,NaN,NaN,NaN
0.7007007007007007,NaN,NaN,NaN,NaN,NaN
0.7107107107107107,NaN,NaN,NaN,NaN,NaN
0.7207207207207207,NaN,NaN,NaN,NaN,NaN
0.7307307307307307,NaN,NaN,NaN,NaN,NaN
0.7407407407407407,NaN,NaN,NaN,NaN,NaN
0.7507507507507507,NaN,NaN,NaN,NaN,NaN
0.7607607607607607,NaN,NaN,NaN,NaN,NaN
0.7707707707707707,NaN,NaN,NaN,NaN,NaN
0.7807807807807807,NaN,NaN,NaN,NaN,NaN
0.7907907907907907,NaN,NaN,NaN,NaN,NaN
0.8008008008008007,NaN,NaN,NaN,NaN,NaN
0.8108108108108109,NaN,NaN,NaN,NaN,NaN
0.8208208208208209,NaN,NaN,NaN,NaN,NaN
0.8308308308308309,NaN,NaN,NaN,NaN,NaN
0.8408408408408409,NaN,NaN,NaN,NaN,NaN
0.8508508508508509,NaN,NaN,NaN,NaN,NaN
0.8608608608608609,NaN,NaN,NaN,NaN,NaN
0.8708708708708709,NaN,NaN,NaN,NaN,NaN
0.8808808808808809,NaN,NaN,NaN,NaN,NaN
0.8908908908908909,NaN,NaN,NaN,NaN,NaN
0.9009009009009009,NaN,NaN,NaN,NaN,NaN
0.9109109109109109,NaN,NaN,NaN,NaN,NaN
0.9209209209209209,NaN,NaN,NaN,NaN,NaN
0.9309309309309309,NaN,NaN,NaN,NaN,NaN
0.9409409409409409,NaN,NaN,NaN,NaN,NaN
0.950950950950951,NaN,NaN,NaN,NaN,NaN
0.960960960960961,NaN,NaN,NaN,NaN,NaN
0.970970970970971,NaN,NaN,NaN,NaN,NaN
0.980980980980981,NaN,NaN,NaN,NaN,NaN
0.990990990990991,NaN,NaN,NaN,NaN,NaN
1.001001001001001,NaN,NaN,NaN,NaN,NaN
1.011011011011011,NaN,NaN,NaN,NaN,NaN
1.021021021021021,NaN,NaN,NaN,NaN,NaN
1.031031031031031,NaN,NaN,NaN,NaN,NaN
1.0410410410410411,NaN,NaN,NaN,NaN,NaN
1.0510510510510511,NaN,NaN,NaN,NaN,NaN
1.0610610610610611,NaN,NaN,NaN,NaN,NaN
1.0710710710710711,NaN,NaN,NaN,NaN,NaN
1.0810810810810811,NaN,NaN,NaN,NaN,NaN
1.0910910910910911,NaN,NaN,NaN,NaN,NaN
1.1011011011011012,NaN,NaN,NaN,NaN,NaN
1.1111111111111112,NaN,NaN,NaN,NaN,NaN
1.1211211211211212,NaN,NaN,NaN,NaN,NaN
1.1311311311311312,NaN,NaN,NaN,NaN,NaN
1.1411411411411412,3.622870385018e-08,-2.014792811404e-08,0.6656109560934,0.697995,0.00138718
1.1511511511511512,3.622869394639e-08,-2.121285397092e-08,0.6914973320053,0.697995,0.0013608
1.1611611611611612,3.622867459605e-08,-2.214490773416e-08,0.7158468646011,0.697995,0.0013371
1.1711711711711712,3.622867081138e-08,-2.297120582154e-08,0.7389530171783,0.697995,0.00131557
1.1811811811811812,3.622869929617e-08,-2.371121281346e-08,0.7610281035465,0.697995,0.00129582
1.1911911911911912,3.622867337841e-08,-2.437939780597e-08,0.782232580607,0.697995,0.00127757
1.2012012012012012,3.622868136222e-08,-2.498687442485e-08,0.8026885426536,0.697995,0.0012606
1.2112112112112112,3.622865671833e-08,-2.55423326634e-08,0.8224941300602,0.697995,0.00124474
1.2212212212212212,3.622866629137e-08,-2.605275959873e-08,0.8417272116309,0.697995,0.00122985
1.2312312312312312,3.62286915069e-08,-2.652381747232e-08,0.8604524405532,0.697995,0.00121583
1.2412412412412412,3.622865580187e-08,-2.696014658353e-08,0.8787241188956,0.697995,0.00120257
1.2512512512512513,3.622870539732e-08,-2.736571427925e-08,0.8965860338988,0.697995,0.00119001
1.2612612612612613,3.622867842131e-08,-2.774373830508e-08,0.9140780290232,0.697995,0.00117806
1.2712712712712713,3.622866118549e-08,-2.809706435378e-08,0.9312323222663,0.697995,0.00116668
1.2812812812812813,3.622871176471e-08,-2.842813587156e-08,0.9480770406978,0.697995,0.00115582
1.2912912912912913,3.622867374352e-08,-2.873895141903e-08,0.9646383650929,0.697995,0.00114543
1.3013013013013013,3.622867041908e-08,-2.903139693484e-08,0.9809372293446,0.697995,0.00113547
1.3113113113113113,3.622865619208e-08,-2.93070386671e-08,0.9969933507991,0.697995,0.00112592
1.3213213213213213,3.622864867041e-08,-2.956729095755e-08,1.012823811909,0.697995,0.00111675
1.3313313313313313,3.622871053549e-08,-2.98134386656e-08,1.028443565078,0.697995,0.00110792
1.3413413413413413,3.622870446261e-08,-3.00464990027e-08,1.043867354767,0.697995,0.00109942
1.3513513513513513,3.622868681254e-08,-3.026749630098e-08,1.059107214656,0.697995,0.00109122
1.3613613613613613,3.622865891332e-08,-3.047731806288e-08,1.074174380092,0.697995,0.0010833
1.3713713713713713,3.622869178592e-08,-3.067681317066e-08,1.089078623919,0.697995,0.00107565
1.3813813813813813,3.622865448176e-08,-3.086661061419e-08,1.103830065444,0.697995,0.00106825
1.3913913913913913,3.622867993287e-08,-3.104745954573e-08,1.118436398774,0.697995,0.00106109
1.4014014014014013,3.622871742013e-08,-3.121991855243e-08,1.132905735308,0.697995,0.00105415
1.4114114114114114,3.622870895381e-08,-3.138448587663e-08,1.147245569008,0.697995,0.00104743
1.4214214214214214,3.622865689941e-08,-3.1541656954e-08,1.161462471035,0.697995,0.0010409
1.4314314314314314,3.622863380574e-08,-3.169194005119e-08,1.175562133161,0.697995,0.00103457
1.4414414414414414,3.622866772031e-08,-3.183577405012e-08,1.189550062231,0.697995,0.00102841
1.4514514514514514,3.622868185379e-08,-3.197348266314e-08,1.203431910071,0.697995,0.00102243
1.4614614614614614,3.622868305365e-08,-3.210542382662e-08,1.217212503406,0.697995,0.00101662
1.4714714714714714,3.622870615144e-08,-3.223195123291e-08,1.230896198992,0.697995,0.00101096
1.4814814814814814,3.622868988537e-08,-3.235331735877e-08,1.244487531965,0.697995,0.00100544
1.4914914914914914,3.622867027623e-08,-3.246983042284e-08,1.257990272914,0.697995,0.00100008
1.5015015015015014,3.622866987932e-08,-3.258176850702e-08,1.271408016771,0.697995,0.000994845
1.5115115115115114,3.622867308994e-08,-3.268936040313e-08,1.284744311294,0.697995,0.000989746
1.5215215215215214,3.622867330683e-08,-3.279282542913e-08,1.298002446372,0.697995,0.000984772
1.5315315315315314,3.622867531243e-08,-3.289237714826e-08,1.31118546468,0.697995,0.000979918
1.5415415415415414,3.622867722092e-08,-3.298820971808e-08,1.32429626063,0.697995,0.000975181
1.5515515515515514,3.622867182892e-08,-3.30805000176e-08,1.337337585913,0.697995,0.000970555
1.5615615615615615,3.622867536265e-08,-3.316943311993e-08,1.350311938747,0.697995,0.000966037
1.5715715715715715,3.622654404474e-08,-3.325332882043e-08,1.363230654653,0.697995,0.00096159
1.5815815815815815,3.622659890651e-08,-3.33360392943e-08,1.376077936438,0.697995,0.000957275
1.5915915915915915,3.622664077316e-08,-3.341582731788e-08,1.388865247422,0.697995,0.000953055
1.6016016016016015,3.622668993516e-08,-3.349284344778e-08,1.401594567044,0.697995,0.000948928
1.6116116116116117,3.622672635395e-08,-3.356719546202e-08,1.414267932056,0.697995,0.00094489
1.6216216216216217,3.622677500419e-08,-3.363902315093e-08,1.426887104004,0.697995,0.000940938
1.6316316316316317,3.62268001807e-08,-3.370840641484e-08,1.439453988125,0.697995,0.000937069
1.6416416416416417,3.622683463092e-08,-3.377547904346e-08,1.451970141758,0.697995,0.000933281
1.6516516516516517,3.622685854054e-08,-3.384032274216e-08,1.464437242312,0.697995,0.00092957
1.6616616616616617,3.622688645624e-08,-3.390304420676e-08,1.476856764227,0.697995,0.000925935
1.6716716716716717,3.62269173147e-08,-3.39637313025e-08,1.489230170468,0.697995,0.000922373
1.6816816816816818,3.622693452138e-08,-3.402245322457e-08,1.501558912251,0.697995,0.000918881
1.6916916916916918,3.622695814522e-08,-3.407930761579e-08,1.513844249224,0.697995,0.000915458
1.7017017017017018,3.622697901093e-08,-3.413436180644e-08,1.526087486268,0.697995,0.000912102
1.7117117117117118,3.622699595834e-08,-3.418768644185e-08,1.538289844833,0.697995,0.000908809
1.7217217217217218,3.622701645761e-08,-3.423935639487e-08,1.550452466059,0.697995,0.00090558
1.7317317317317318,3.622702679876e-08,-3.428942392766e-08,1.562576512689,0.697995,0.000902411
1.7417417417417418,3.622704536942e-08,-3.433796732497e-08,1.574662996011,0.697995,0.0008993
1.7517517517517518,3.622705470424e-08,-3.438502921772e-08,1.586713000567,0.697995,0.000896248
1.7617617617617618,3.622707030854e-08,-3.443067954964e-08,1.598727463859,0.697995,0.000893251
1.7717717717717718,3.622707976303e-08,-3.447496005825e-08,1.610707373068,0.697995,0.000890308
1.7817817817817818,3.622708902029e-08,-3.451792683741e-08,1.622653620641,0.697995,0.000887418
1.7917917917917918,3.622709963199e-08,-3.455962961902e-08,1.634567078243,0.697995,0.000884579
1.8018018018018018,3.622710888135e-08,-3.460011198179e-08,1.646448597226,0.697995,0.00088179
1.8118118118118118,3.622710991076e-08,-3.463941155249e-08,1.658299009077,0.697995,0.000879049
1.8218218218218218,3.622712350138e-08,-3.467758964808e-08,1.670119034817,0.697995,0.000876356
1.8318318318318318,3.622712732177e-08,-3.47146656913e-08,1.68190949255,0.697995,0.000873709
1.8418418418418419,3.622713500996e-08,-3.47506907712e-08,1.693671069181,0.697995,0.000871107
1.8518518518518519,3.622714100668e-08,-3.478569644618e-08,1.705404480938,0.697995,0.000868549
1.8618618618618619,3.622715249868e-08,-3.481972460154e-08,1.717110383892,0.697995,0.000866034
1.8718718718718719,3.622715753281e-08,-3.485279770734e-08,1.728789463292,0.697995,0.00086356
1.8818818818818819,3.622715720564e-08,-3.488494900868e-08,1.74044234568,0.697995,0.000861127
1.8918918918918919,3.622716605103e-08,-3.491622306501e-08,1.752069601149,0.697995,0.000858733
1.901901901901902,3.622716344319e-08,-3.494663008694e-08,1.763671872597,0.697995,0.000856378
1.911911911911912,3.622717498912e-08,-3.49762226165e-08,1.775249662321,0.697995,0.000854062
1.921921921921922,3.622717483811e-08,-3.50050035178e-08,1.786803587525,0.697995,0.000851782
1.931931931931932,3.622717561181e-08,-3.503301085502e-08,1.798334148212,0.697995,0.000849538
1.941941941941942,3.622717124977e-08,-3.50602639996e-08,1.809841875071,0.697995,0.000847329
1.951951951951952,3.622717830465e-08,-3.508680277263e-08,1.821327226623,0.697995,0.000845155
1.961961961961962,3.622718642927e-08,-3.511264055536e-08,1.832790712555,0.697995,0.000843014
1.971971971971972,3.622718309375e-08,-3.513778770024e-08,1.844232831553,0.697995,0.000840907
1.981981981981982,3.62271871775e-08,-3.516228357936e-08,1.855653992673,0.697995,0.000838832
1.991991991991992,3.622718226948e-08,-3.518613315931e-08,1.867054675351,0.697995,0.000836788
2.002002002002002,3.622718367752e-08,-3.520937085312e-08,1.878435271173,0.697995,0.000834775
2.012012012012012,3.622718822384e-08,-3.523201271705e-08,1.889796202664,0.697995,0.000832792
2.022022022022022,3.6227191004e-08,-3.525407242919e-08,1.901137883688,0.697995,0.000830839
2.032032032032032,3.622719394156e-08,-3.527556951149e-08,1.912460700752,0.697995,0.000828914
2.042042042042042,3.622719741707e-08,-3.52965213643e-08,1.923765032694,0.697995,0.000827018
2.052052052052052,3.622719174574e-08,-3.531693510449e-08,1.935051269357,0.697995,0.00082515
2.062062062062062,3.622720001509e-08,-3.533684871668e-08,1.946319719086,0.697995,0.000823308
2.0720720720720722,3.622720112663e-08,-3.535625719588e-08,1.957570775947,0.697995,0.000821494
2.0820820820820822,3.622719828694e-08,-3.537517832044e-08,1.968804771468,0.697995,0.000819705
2.0920920920920922,3.622719343077e-08,-3.539362813469e-08,1.980022030833,0.697995,0.000817942
2.1021021021021022,3.622718725107e-08,-3.541162099398e-08,1.991222873,0.697995,0.000816204
2.1121121121121122,3.622718792799e-08,-3.542917800594e-08,2.002407593236,0.697995,0.00081449
2.1221221221221223,3.622719382459e-08,-3.544631036266e-08,2.013576498839,0.697995,0.0008128
2.1321321321321323,3.622719340175e-08,-3.54630192385e-08,2.024729908478,0.697995,0.000811134
2.1421421421421423,3.622720019971e-08,-3.547932961781e-08,2.035868083062,0.697995,0.000809492
2.1521521521521523,3.622719167793e-08,-3.549523118589e-08,2.046991346893,0.697995,0.000807871
2.1621621621621623,3.622718808809e-08,-3.55107546405e-08,2.058099933385,0.697995,0.000806273
2.1721721721721723,3.622719122178e-08,-3.552591246506e-08,2.069194105579,0.697995,0.000804697
2.1821821821821823,3.622719306999e-08,-3.554070728099e-08,2.080274138228,0.697995,0.000803143
2.1921921921921923,3.622719348369e-08,-3.555514897703e-08,2.09134028438,0.697995,0.000801609
2.2022022022022023,3.622719140714e-08,-3.556924623138e-08,2.102392792437,0.697995,0.000800096
2.2122122122122123,3.622719380939e-08,-3.558301520482e-08,2.113431890128,0.697995,0.000798603
2.2222222222222223,3.622718900953e-08,-3.559645362839e-08,2.124457833184,0.697995,0.00079713
2.2322322322322323,3.622719125151e-08,-3.560958414719e-08,2.135470824884,0.697995,0.000795677
2.2422422422422423,3.622718719476e-08,-3.562240229233e-08,2.146471112341,0.697995,0.000794242
2.2522522522522523,3.622718058725e-08,-3.563491994648e-08,2.157458906746,0.697995,0.000792827
2.2622622622622623,3.622718346677e-08,-3.564715682322e-08,2.168434400215,0.697995,0.00079143
2.2722722722722724,3.622718918859e-08,-3.565911418483e-08,2.179397812383,0.697995,0.000790051
2.2822822822822824,3.622719034418e-08,-3.56707922919e-08,2.190349358814,0.697995,0.00078869
2.2922922922922924,3.622718784167e-08,-3.568219927913e-08,2.201289236055,0.697995,0.000787347
2.3023023023023024,3.622718193066e-08,-3.569334241571e-08,2.212217637244,0.697995,0.000786021
2.3123123123123124,3.622719041601e-08,-3.5704245917e-08,2.223134722631,0.697995,0.000784712
2.3223223223223224,3.622718502447e-08,-3.57148887576e-08,2.234040723391,0.697995,0.000783419
2.3323323323323324,3.622718232829e-08,-3.57252935397e-08,2.244935793358,0.697995,0.000782143
2.3423423423423424,3.622718012912e-08,-3.573546432714e-08,2.255820112967,0.697995,0.000780883
2.3523523523523524,3.622718480456e-08,-3.574541339212e-08,2.266693845242,0.697995,0.000779638
2.3623623623623624,3.622718384505e-08,-3.575513433165e-08,2.277557178897,0.697995,0.00077841
2.3723723723723724,3.622718251027e-08,-3.576463796557e-08,2.288410271074,0.697995,0.000777196
2.3823823823823824,3.622717634837e-08,-3.577392543131e-08,2.299253290309,0.697995,0.000775998
2.3923923923923924,3.622717883318e-08,-3.578301528303e-08,2.310086374628,0.697995,0.000774815
2.4024024024024024,3.622718452669e-08,-3.579190737909e-08,2.320909687438,0.697995,0.000773646
2.4124124124124124,3.622717819462e-08,-3.580059180002e-08,2.331723402835,0.697995,0.000772491
2.4224224224224224,3.622718116168e-08,-3.580909436509e-08,2.342527637911,0.697995,0.00077135
2.4324324324324325,3.622717723418e-08,-3.581740392073e-08,2.353322561648,0.697995,0.000770224
2.4424424424424425,3.622717760669e-08,-3.582553607354e-08,2.364108300229,0.697995,0.000769111
2.4524524524524525,3.622717444721e-08,-3.583348760648e-08,2.374885004244,0.697995,0.000768011
2.4624624624624625,3.622717813842e-08,-3.58412730801e-08,2.385652795676,0.697995,0.000766925
2.4724724724724725,3.622717062892e-08,-3.584887896893e-08,2.396411833401,0.697995,0.000765851
2.4824824824824825,3.622717085309e-08,-3.585632800771e-08,2.407162222245,0.697995,0.000764791
2.4924924924924925,3.622716929644e-08,-3.586361483092e-08,2.417904103771,0.697995,0.000763743
2.5025025025025025,3.62271748117e-08,-3.587075203876e-08,2.428637591958,0.697995,0.000762708
2.5125125125125125,3.622716766912e-08,-3.58777239758e-08,2.439362836493,0.697995,0.000761684
2.5225225225225225,3.622716539222e-08,-3.588455157049e-08,2.450079934893,0.697995,0.000760673
2.5325325325325325,3.622716635638e-08,-3.589123679565e-08,2.460789008003,0.697995,0.000759674
2.5425425425425425,3.622716857894e-08,-3.589778117123e-08,2.47149017473,0.697995,0.000758686
2.5525525525525525,3.622716972592e-08,-3.590418577369e-08,2.482183552071,0.697995,0.00075771
2.5625625625625625,3.622716711874e-08,-3.591045124516e-08,2.492869255141,0.697995,0.000756745
2.5725725725725725,3.622716724504e-08,-3.591658718194e-08,2.503547385389,0.697995,0.000755792
2.5825825825825826,3.622716679672e-08,-3.592259343157e-08,2.514218054558,0.697995,0.000754849
2.5925925925925926,3.62271621393e-08,-3.592846943253e-08,2.524881372592,0.697995,0.000753917
2.6026026026026026,3.622716840682e-08,-3.593423307498e-08,2.535537424631,0.697995,0.000752996
2.6126126126126126,3.622716229389e-08,-3.593986421279e-08,2.546186340529,0.697995,0.000752086
2.6226226226226226,3.62271583631e-08,-3.594538001876e-08,2.55682820235,0.697995,0.000751185
2.6326326326326326,3.62271613937e-08,-3.595078793677e-08,2.567463102462,0.697995,0.000750296
2.6426426426426426,3.622715672553e-08,-3.595607612659e-08,2.578091154206,0.697995,0.000749416
2.6526526526526526,3.622715817953e-08,-3.596126082713e-08,2.588712435779,0.697995,0.000748546
2.6626626626626626,3.622715052627e-08,-3.596632949153e-08,2.599327057342,0.697995,0.000747686
2.6726726726726726,3.622715673556e-08,-3.59713072819e-08,2.609935083666,0.697995,0.000746835
2.6826826826826826,3.622715141961e-08,-3.597617147042e-08,2.620536632858,0.697995,0.000745994
2.6926926926926926,3.622714744847e-08,-3.598093710783e-08,2.631131778049,0.697995,0.000745163
2.7027027027027026,3.622715751936e-08,-3.598561902488e-08,2.641720591561,0.697995,0.00074434
2.7127127127127126,3.622714575449e-08,-3.599018391398e-08,2.652303197372,0.697995,0.000743527
2.7227227227227226,3.622715341571e-08,-3.599467476854e-08,2.662879633673,0.697995,0.000742723
2.7327327327327327,3.622714410826e-08,-3.599905764756e-08,2.673450021467,0.697995,0.000741928
2.7427427427427427,3.622714905648e-08,-3.600336551266e-08,2.684014407655,0.697995,0.000741141
2.7527527527527527,3.622715078471e-08,-3.60075830465e-08,2.694572889797,0.697995,0.000740363
2.7627627627627627,3.622715100423e-08,-3.601171388243e-08,2.705125543579,0.697995,0.000739594
2.7727727727727727,3.622714148197e-08,-3.601575175055e-08,2.7156724536,0.697995,0.000738833
2.7827827827827827,3.622714303026e-08,-3.601971912073e-08,2.72621367342,0.697995,0.00073808
2.7927927927927927,3.622713727565e-08,-3.602359958014e-08,2.736749295458,0.697995,0.000737335
2.8028028028028027,3.622714470069e-08,-3.602741518969e-08,2.74727937157,0.697995,0.000736599
2.8128128128128127,3.622713672791e-08,-3.603113932356e-08,2.75780400147,0.697995,0.00073587
2.8228228228228227,3.622714329327e-08,-3.603480333737e-08,2.768323225557,0.697995,0.00073515
2.8328328328328327,3.622713540032e-08,-3.603838009838e-08,2.778837141104,0.697995,0.000734437
2.8428428428428427,3.622713287542e-08,-3.604189086035e-08,2.78934579647,0.697995,0.000733732
2.8528528528528527,3.622713578892e-08,-3.604533724478e-08,2.799849258349,0.697995,0.000733034
2.8628628628628627,3.62271440436e-08,-3.604872066925e-08,2.810347592505,0.697995,0.000732344
2.8728728728728727,3.622713766768e-08,-3.605202278589e-08,2.820840882113,0.697995,0.000731661
2.8828828828828827,3.622713590676e-08,-3.605526413541e-08,2.831329172475,0.697995,0.000730985
2.8928928928928928,3.622713817787e-08,-3.605844554607e-08,2.841812526644,0.697995,0.000730316
2.9029029029029028,3.622713385666e-08,-3.606155784031e-08,2.852291015725,0.697995,0.000729655
2.9129129129129128,3.622714180856e-08,-3.606462109159e-08,2.862764683074,0.697995,0.000729001
2.9229229229229228,3.622713130534e-08,-3.606760608847e-08,2.873233615724,0.697995,0.000728353
2.932932932932933,3.622713083523e-08,-3.607054240182e-08,2.883697846697,0.697995,0.000727712
2.942942942942943,3.622712916258e-08,-3.607342011788e-08,2.894157443625,0.697995,0.000727078
2.952952952952953,3.622713473388e-08,-3.60762488461e-08,2.904612455895,0.697995,0.00072645
2.962962962962963,3.62271360077e-08,-3.60790183071e-08,2.91506294936,0.697995,0.00072583
2.972972972972973,3.622713121635e-08,-3.608172790268e-08,2.925508980366,0.697995,0.000725215
2.982982982982983,3.622713837417e-08,-3.608439667097e-08,2.93595058776,0.697995,0.000724607
2.992992992992993,3.622713555742e-08,-3.608700392729e-08,2.946387843315,0.697995,0.000724005
3.003003003003003,3.622713056993e-08,-3.608955850858e-08,2.956820792831,0.697995,0.00072341
3.013013013013013,3.622713112006e-08,-3.609206913524e-08,2.967249481627,0.697995,0.00072282
3.023023023023023,3.622713482669e-08,-3.609453447291e-08,2.977673962628,0.697995,0.000722237
3.033033033033033,3.622712917722e-08,-3.609694308597e-08,2.988094296034,0.697995,0.00072166
3.043043043043043,3.622713153656e-08,-3.609931322895e-08,2.998510517209,0.697995,0.000721088
3.053053053053053,3.622712915169e-08,-3.610163318038e-08,3.008922684971,0.697995,0.000720523
3.063063063063063,3.622712917263e-08,-3.610391099271e-08,3.019330841538,0.697995,0.000719963
3.073073073073073,3.622712862549e-08,-3.610614462687e-08,3.029735036436,0.697995,0.000719409
3.083083083083083,3.622713446423e-08,-3.610834190052e-08,3.040135310817,0.697995,0.00071886
3.093093093093093,3.622713345093e-08,-3.611049051979e-08,3.050531720645,0.697995,0.000718317
3.103103103103103,3.622712226271e-08,-3.611258803394e-08,3.060924313397,0.697995,0.00071778
3.113113113113113,3.622712767515e-08,-3.611466192945e-08,3.071313113413,0.697995,0.000717248
3.123123123123123,3.622712605714e-08,-3.611668950817e-08,3.081698182275,0.697995,0.000716721
3.133133133133133,3.622712386269e-08,-3.611867799493e-08,3.092079558314,0.697995,0.0007162
3.143143143143143,3.622712746945e-08,-3.612063452279e-08,3.102457279467,0.697995,0.000715684
3.153153153153153,3.622713307786e-08,-3.612255607653e-08,3.112831390528,0.697995,0.000715173
3.163163163163163,3.622712667381e-08,-3.612442945169e-08,3.12320194285,0.697995,0.000714667
3.173173173173173,3.622712446044e-08,-3.612627151343e-08,3.133568965553,0.697995,0.000714167
3.183183183183183,3.622713247518e-08,-3.612808899191e-08,3.143932494691,0.697995,0.000713671
3.193193193193193,3.622712628857e-08,-3.612985825948e-08,3.154292586971,0.697995,0.00071318
3.203203203203203,3.622713200974e-08,-3.613160600391e-08,3.164649263293,0.697995,0.000712695
3.2132132132132134,3.622712500485e-08,-3.613330836033e-08,3.175002579123,0.697995,0.000712214
3.2232232232232234,3.622712110138e-08,-3.613498174864e-08,3.185352561547,0.697995,0.000711737
3.2332332332332334,3.622711576752e-08,-3.613662229611e-08,3.195699251093,0.697995,0.000711266
3.2432432432432434,3.622712471443e-08,-3.613824628313e-08,3.206042674278,0.697995,0.000710799
3.2532532532532534,3.622711274051e-08,-3.61398192523e-08,3.216382890832,0.697995,0.000710336
3.2632632632632634,3.622712592791e-08,-3.614138771822e-08,3.226719906388,0.697995,0.000709879
3.2732732732732734,3.622711870438e-08,-3.614290686029e-08,3.237053786128,0.697995,0.000709426
3.2832832832832834,3.622711667184e-08,-3.614440276355e-08,3.247384548313,0.697995,0.000708977
3.2932932932932935,3.622712502128e-08,-3.6145881165e-08,3.25771222422,0.697995,0.000708532
3.3033033033033035,3.622711825505e-08,-3.614731720369e-08,3.268036863986,0.697995,0.000708092
3.3133133133133135,3.622711160253e-08,-3.614872659543e-08,3.278358491443,0.697995,0.000707657
3.3233233233233235,3.622712026287e-08,-3.615012501804e-08,3.288677130334,0.697995,0.000707225
3.3333333333333335,3.622711848642e-08,-3.615148732113e-08,3.298992829248,0.697995,0.000706798
3.3433433433433435,3.622712133404e-08,-3.615282902233e-08,3.309305611123,0.697995,0.000706375
3.3533533533533535,3.622712335283e-08,-3.615414518021e-08,3.319615511074,0.697995,0.000705956
3.3633633633633635,3.622711901034e-08,-3.615543076235e-08,3.329922563726,0.697995,0.000705541
3.3733733733733735,3.622711295112e-08,-3.615669087226e-08,3.340226797187,0.697995,0.00070513
3.3833833833833835,3.622712002935e-08,-3.615794078481e-08,3.350528233306,0.697995,0.000704723
3.3933933933933935,3.622712426919e-08,-3.615916502495e-08,3.360826911648,0.697995,0.00070432
3.4034034034034035,3.622710959446e-08,-3.616034800472e-08,3.371122871109,0.697995,0.00070392
3.4134134134134135,3.622712151091e-08,-3.616153553847e-08,3.381416114929,0.697995,0.000703525
3.4234234234234235,3.622711299724e-08,-3.616268116001e-08,3.391706698922,0.697995,0.000703134
3.4334334334334335,3.622711920014e-08,-3.6163820338e-08,3.401994631783,0.697995,0.000702746
3.4434434434434436,3.622711350202e-08,-3.616492693368e-08,3.412279956658,0.697995,0.000702362
3.4534534534534536,3.622711038313e-08,-3.616601578884e-08,3.422562693303,0.697995,0.000701982
3.4634634634634636,3.622711399133e-08,-3.616709143287e-08,3.432842867006,0.697995,0.000701605
3.4734734734734736,3.622711811318e-08,-3.61681480518e-08,3.443120508357,0.697995,0.000701232
3.4834834834834836,3.622711646721e-08,-3.616917975471e-08,3.453395647516,0.697995,0.000700862
3.4934934934934936,3.622712335897e-08,-3.617020118045e-08,3.463668303303,0.697995,0.000700496
3.5035035035035036,3.622712207511e-08,-3.617119601555e-08,3.473938510722,0.697995,0.000700133
3.5135135135135136,3.622711649088e-08,-3.617216847818e-08,3.484206293442,0.697995,0.000699774
3.5235235235235236,3.62271104394e-08,-3.617312273792e-08,3.494471674908,0.697995,0.000699418
3.5335335335335336,3.622710771216e-08,-3.617406291636e-08,3.504734678331,0.697995,0.000699066
3.5435435435435436,3.622712241421e-08,-3.617500342011e-08,3.514995321464,0.697995,0.000698717
3.5535535535535536,3.622710647103e-08,-3.617589660309e-08,3.525253653164,0.697995,0.000698371
3.5635635635635636,3.622711531501e-08,-3.617679809725e-08,3.535509669709,0.697995,0.000698029
3.5735735735735736,3.622711110946e-08,-3.617767045756e-08,3.545763413981,0.697995,0.00069769
3.5835835835835836,3.6227107774e-08,-3.617852787969e-08,3.556014902644,0.697995,0.000697354
3.5935935935935936,3.622710882994e-08,-3.617937417732e-08,3.566264157342,0.697995,0.000697021
3.6036036036036037,3.622711776083e-08,-3.618021312086e-08,3.57651119951,0.697995,0.000696691
3.6136136136136137,3.622711723004e-08,-3.618102769472e-08,3.586756060258,0.697995,0.000696364
3.6236236236236237,3.622711061649e-08,-3.618182155198e-08,3.596998760363,0.697995,0.000696041
3.6336336336336337,3.622711166464e-08,-3.618260868709e-08,3.607239315546,0.697995,0.00069572
3.6436436436436437,3.622711329039e-08,-3.618338229973e-08,3.617477751128,0.697995,0.000695402
3.6536536536536537,3.622710835455e-08,-3.618413552829e-08,3.627714092072,0.697995,0.000695088
3.6636636636636637,3.62271104962e-08,-3.618488224704e-08,3.637948353512,0.697995,0.000694776
3.6736736736736737,3.622711249753e-08,-3.618561550553e-08,3.648180559949,0.697995,0.000694467
3.6836836836836837,3.622710708756e-08,-3.618632829432e-08,3.658410735538,0.697995,0.000694161
3.6936936936936937,3.622710780438e-08,-3.618703437283e-08,3.66863889485,0.697995,0.000693858
3.7037037037037037,3.622711773689e-08,-3.618773706495e-08,3.678865057007,0.697995,0.000693558
3.7137137137137137,3.622710862123e-08,-3.618840838747e-08,3.689089254592,0.697995,0.00069326
3.7237237237237237,3.622710432933e-08,-3.618907240336e-08,3.699311497009,0.697995,0.000692965
3.7337337337337337,3.622710784015e-08,-3.618973231299e-08,3.709531802728,0.697995,0.000692673
3.7437437437437437,3.622711164766e-08,-3.619038084338e-08,3.719750194481,0.697995,0.000692384
3.7537537537537538,3.622710819689e-08,-3.619101066758e-08,3.729966694678,0.697995,0.000692097
3.7637637637637638,3.62271108104e-08,-3.619163530058e-08,3.740181316688,0.697995,0.000691813
3.7737737737737738,3.622711186427e-08,-3.619224733819e-08,3.75039408251,0.697995,0.000691532
3.7837837837837838,3.622711415907e-08,-3.61928497811e-08,3.760605009541,0.697995,0.000691253
3.793793793793794,3.62271099903e-08,-3.619343513584e-08,3.770814119269,0.697995,0.000690977
3.803803803803804,3.622711256821e-08,-3.619401679045e-08,3.781021424438,0.697995,0.000690703
3.813813813813814,3.622711412273e-08,-3.619458717826e-08,3.791226946144,0.697995,0.000690432
3.823823823823824,3.622710683877e-08,-3.61951386831e-08,3.801430705183,0.697995,0.000690163
3.833833833833834,3.622710384305e-08,-3.619568459913e-08,3.811632713826,0.697995,0.000689897
3.843843843843844,3.622710775467e-08,-3.619622772389e-08,3.821832988406,0.697995,0.000689633
3.853853853853854,3.622711066447e-08,-3.619676033648e-08,3.832031549154,0.697995,0.000689372
3.863863863863864,3.622710462024e-08,-3.619727466886e-08,3.842228416014,0.697995,0.000689113
3.873873873873874,3.622711315603e-08,-3.619779439722e-08,3.8524235967,0.697995,0.000688856
3.883883883883884,3.622710724466e-08,-3.619829069749e-08,3.862617118794,0.697995,0.000688602
3.893893893893894,3.622711037305e-08,-3.619878719292e-08,3.872808989748,0.697995,0.00068835
3.903903903903904,3.622711447042e-08,-3.619927598388e-08,3.882999228788,0.697995,0.0006881
3.913913913913914,3.622711142525e-08,-3.619974912632e-08,3.893187854869,0.697995,0.000687852
3.923923923923924,3.622710361532e-08,-3.620020915022e-08,3.903374882856,0.697995,0.000687607
3.933933933933934,3.622710392752e-08,-3.620066908045e-08,3.913560323683,0.697995,0.000687364
3.943943943943944,3.622710416625e-08,-3.620112087995e-08,3.923744195794,0.697995,0.000687123
3.953953953953954,3.622710663779e-08,-3.620156699908e-08,3.93392651364,0.697995,0.000686885
3.963963963963964,3.622710308063e-08,-3.620199932865e-08,3.944107295239,0.697995,0.000686648
3.973973973973974,3.622710629188e-08,-3.62024307934e-08,3.954286551016,0.697995,0.000686414
3.983983983983984,3.622710795691e-08,-3.62028532256e-08,3.964464298663,0.697995,0.000686182
3.993993993993994,3.622709972389e-08,-3.620325841716e-08,3.97464055562,0.697995,0.000685952
4.004004004004004,3.622710488221e-08,-3.620366976756e-08,3.98481532835,0.697995,0.000685724
4.014014014014014,3.622710447689e-08,-3.620406847097e-08,3.994988637614,0.697995,0.000685498
4.024024024024024,3.622711120194e-08,-3.620446733733e-08,4.00516049326,0.697995,0.000685274
4.034034034034034,3.622710603436e-08,-3.620484748701e-08,4.015330915596,0.697995,0.000685052
4.044044044044044,3.622710162239e-08,-3.620522167955e-08,4.025499914194,0.697995,0.000684832
4.054054054054054,3.622710003064e-08,-3.620559209869e-08,4.035667502053,0.697995,0.000684614
4.064064064064064,3.622711388358e-08,-3.620597147667e-08,4.045833688647,0.697995,0.000684398
4.074074074074074,3.622710287998e-08,-3.620631966377e-08,4.055998500327,0.697995,0.000684184
4.084084084084084,3.622711134171e-08,-3.620668105776e-08,4.06616193609,0.697995,0.000683971
4.094094094094094,3.622710949114e-08,-3.620702601847e-08,4.076324018509,0.697995,0.000683761
4.104104104104104,3.622710986634e-08,-3.620736718332e-08,4.086484756538,0.697995,0.000683553
4.114114114114114,3.622710380513e-08,-3.6207696005e-08,4.096644165661,0.697995,0.000683346
4.124124124124124,3.622710381403e-08,-3.620802508584e-08,4.106802254661,0.697995,0.000683141
4.134134134134134,3.622710118641e-08,-3.620834583004e-08,4.116959038746,0.697995,0.000682938
4.1441441441441444,3.622709779102e-08,-3.620866020678e-08,4.127114529721,0.697995,0.000682737
4.1541541541541545,3.622710608834e-08,-3.620898076728e-08,4.137268736123,0.697995,0.000682538
4.1641641641641645,3.62271066936e-08,-3.620928823955e-08,4.147421675887,0.697995,0.000682341
4.1741741741741745,3.6227112028e-08,-3.620959513193e-08,4.157573357313,0.697995,0.000682145
4.1841841841841845,3.62271132686e-08,-3.620989272243e-08,4.167723794863,0.697995,0.000681951
4.1941941941941945,3.62271121851e-08,-3.621018287215e-08,4.177872999736,0.697995,0.000681759
4.2042042042042045,3.622709990434e-08,-3.6210456805e-08,4.188020986063,0.697995,0.000681568
4.2142142142142145,3.622711003865e-08,-3.621074819971e-08,4.198167755742,0.697995,0.000681379
4.2242242242242245,3.6227101798e-08,-3.621101638167e-08,4.208313331751,0.697995,0.000681192
4.2342342342342345,3.622710877019e-08,-3.621129500239e-08,4.218457715864,0.697995,0.000681006
4.2442442442442445,3.622710073666e-08,-3.621155394759e-08,4.228600927658,0.697995,0.000680822
4.2542542542542545,3.622711127036e-08,-3.62118268516e-08,4.238742968859,0.697995,0.00068064
4.2642642642642645,3.622709945917e-08,-3.621207290957e-08,4.248883861591,0.697995,0.000680459
4.2742742742742745,3.622710949918e-08,-3.621233636999e-08,4.259023604602,0.697995,0.00068028
4.2842842842842845,3.622710042348e-08,-3.621257636949e-08,4.269162219636,0.697995,0.000680103
4.2942942942942945,3.62271057679e-08,-3.621282650068e-08,4.27929970826,0.697995,0.000679927
4.3043043043043046,3.622710581293e-08,-3.621306713142e-08,4.28943608619,0.697995,0.000679753
4.314314314314315,3.622710211653e-08,-3.621329989284e-08,4.29957136333,0.697995,0.00067958
4.324324324324325,3.622709622174e-08,-3.621352639984e-08,4.309705549493,0.697995,0.000679408
4.334334334334335,3.622710031985e-08,-3.621375890848e-08,4.319838651679,0.697995,0.000679238
4.344344344344345,3.622709460106e-08,-3.621397769012e-08,4.329970684997,0.697995,0.00067907
4.354354354354355,3.622710189326e-08,-3.62142056292e-08,4.340101653571,0.697995,0.000678903
4.364364364364365,3.622710234699e-08,-3.621442295459e-08,4.350231572247,0.697995,0.000678738
4.374374374374375,3.622709742483e-08,-3.621463119435e-08,4.360360450339,0.697995,0.000678574
4.384384384384385,3.622709925181e-08,-3.62148425325e-08,4.370488294463,0.697995,0.000678411
4.394394394394395,3.62271092706e-08,-3.621505847519e-08,4.380615113831,0.697995,0.00067825
4.404404404404405,3.62270968655e-08,-3.621524848464e-08,4.390740925287,0.697995,0.00067809
4.414414414414415,3.622709548107e-08,-3.621544605062e-08,4.400865730036,0.697995,0.000677932
4.424424424424425,3.62271065193e-08,-3.621565263528e-08,4.410989537044,0.697995,0.000677775
4.434434434434435,3.622709930138e-08,-3.621583763381e-08,4.421112362726,0.697995,0.00067762
4.444444444444445,3.622709656356e-08,-3.62160238301e-08,4.431234210726,0.697995,0.000677466
4.454454454454455,3.622709966091e-08,-3.621621263609e-08,4.441355089709,0.697995,0.000677313
4.464464464464465,3.622709923916e-08,-3.621639475804e-08,4.451475010713,0.697995,0.000677161
4.474474474474475,3.622709662055e-08,-3.621657157286e-08,4.461593982192,0.697995,0.000677011
4.484484484484485,3.622710381625e-08,-3.621675514088e-08,4.471712010113,0.697995,0.000676862
4.494494494494495,3.622710072338e-08,-3.621692542114e-08,4.481829107615,0.697995,0.000676715
4.504504504504505,3.622709932616e-08,-3.621709444506e-08,4.491945280499,0.697995,0.000676568
4.514514514514515,3.622710089776e-08,-3.621726353676e-08,4.502060536919,0.697995,0.000676423
4.524524524524525,3.622710669936e-08,-3.621743400749e-08,4.512174884959,0.697995,0.00067628
4.534534534534535,3.622709655413e-08,-3.621758573792e-08,4.522288337251,0.697995,0.000676137
4.544544544544545,3.622710383209e-08,-3.621775213368e-08,4.532400894744,0.697995,0.000675996
4.554554554554555,3.622709761322e-08,-3.621790233455e-08,4.542512572184,0.697995,0.000675856
4.564564564564565,3.622710053836e-08,-3.621805901968e-08,4.552623372749,0.697995,0.000675717
4.574574574574575,3.622710308867e-08,-3.621821271998e-08,4.562733306404,0.697995,0.000675579
4.584584584584585,3.62271064495e-08,-3.621836466568e-08,4.572842380758,0.697995,0.000675443
4.594594594594595,3.622711179517e-08,-3.621851607515e-08,4.582950603348,0.697995,0.000675308
4.604604604604605,3.622709883166e-08,-3.621864670513e-08,4.593057986011,0.697995,0.000675174
4.614614614614615,3.62271008911e-08,-3.621878991898e-08,4.603164529553,0.697995,0.000675041
4.624624624624625,3.622710838881e-08,-3.621893617764e-08,4.613270243516,0.697995,0.000674909
4.634634634634635,3.622710098583e-08,-3.621906519029e-08,4.623375139433,0.697995,0.000674778
4.644644644644645,3.622710126462e-08,-3.621919957252e-08,4.633479220187,0.697995,0.000674649
4.654654654654655,3.622709959631e-08,-3.621932973853e-08,4.643582495023,0.697995,0.00067452
4.664664664664665,3.622709707474e-08,-3.621945682104e-08,4.653684970972,0.697995,0.000674393
4.674674674674675,3.622710552707e-08,-3.621959268205e-08,4.663786652947,0.697995,0.000674267
4.684684684684685,3.622709379683e-08,-3.621970621252e-08,4.673887554038,0.697995,0.000674142
4.694694694694695,3.622710592547e-08,-3.621984147766e-08,4.683987672889,0.697995,0.000674018
4.704704704704705,3.622709998126e-08,-3.621995659484e-08,4.694087024427,0.697995,0.000673895
4.714714714714715,3.622709849938e-08,-3.622007412835e-08,4.704185611296,0.697995,0.000673773
4.724724724724725,3.622710251449e-08,-3.622019514785e-08,4.714283440167,0.697995,0.000673652
4.734734734734735,3.622710229641e-08,-3.622030996053e-08,4.724380519612,0.697995,0.000673532
4.744744744744745,3.622709885504e-08,-3.622041960993e-08,4.734476856137,0.697995,0.000673414
4.754754754754755,3.62271039502e-08,-3.622053588603e-08,4.74457245426,0.697995,0.000673296
4.764764764764765,3.622710781796e-08,-3.622064906042e-08,4.754667322336,0.697995,0.000673179
4.774774774774775,3.622710067773e-08,-3.622074938721e-08,4.764761468596,0.697995,0.000673063
4.784784784784785,3.622709426206e-08,-3.622084862747e-08,4.774854897392,0.697995,0.000672949
4.794794794794795,3.622711106877e-08,-3.622096930446e-08,4.784947611218,0.697995,0.000672835
4.804804804804805,3.622709822202e-08,-3.622105858621e-08,4.795039625591,0.697995,0.000672722
4.814814814814815,3.622709973354e-08,-3.622116050341e-08,4.805130939147,0.697995,0.00067261
4.824824824824825,3.622709500281e-08,-3.62212544901e-08,4.815221561639,0.697995,0.000672499
4.834834834834835,3.622710650199e-08,-3.622136304203e-08,4.825311495418,0.697995,0.00067239
4.844844844844845,3.622709205487e-08,-3.622144402138e-08,4.835400753654,0.697995,0.00067228
4.854854854854855,3.622710644568e-08,-3.622155222756e-08,4.845489333236,0.697995,0.000672173
4.864864864864865,3.622709669348e-08,-3.622163471927e-08,4.855577248917,0.697995,0.000672065
4.874874874874875,3.622709602176e-08,-3.622172473937e-08,4.865664501128,0.697995,0.000671959
4.884884884884885,3.622710531872e-08,-3.62218232025e-08,4.875751095621,0.697995,0.000671854
4.894894894894895,3.622709311146e-08,-3.622189866855e-08,4.885837043258,0.697995,0.000671749
4.904904904904905,3.622709261498e-08,-3.622198437097e-08,4.895922344449,0.697995,0.000671646
4.914914914914915,3.62271046936e-08,-3.622208119911e-08,4.906007004799,0.697995,0.000671543
4.924924924924925,3.622709783562e-08,-3.622215767249e-08,4.916091034895,0.697995,0.000671442
4.934934934934935,3.622709445689e-08,-3.622223622657e-08,4.926174436794,0.697995,0.000671341
4.944944944944945,3.622710618621e-08,-3.622232851173e-08,4.936257214263,0.697995,0.000671241
4.954954954954955,3.622710147421e-08,-3.622240300824e-08,4.946339377625,0.697995,0.000671142
4.964964964964965,3.622709192818e-08,-3.622247134405e-08,4.956420930501,0.697995,0.000671043
4.974974974974975,3.622709995198e-08,-3.62225559414e-08,4.96650187491,0.697995,0.000670946
4.984984984984985,3.622710475864e-08,-3.622263603953e-08,4.976582219318,0.697995,0.000670849
4.994994994994995,3.622709634193e-08,-3.62227016558e-08,4.986661970457,0.697995,0.000670753
5.005005005005005,3.622710789091e-08,-3.622278599471e-08,4.996741128679,0.697995,0.000670659
5.015015015015015,3.622710778393e-08,-3.622285746137e-08,5.006819703796,0.697995,0.000670564
5.025025025025025,3.622709678954e-08,-3.622291684481e-08,5.016897700784,0.697995,0.000670471
5.035035035035035,3.622710808962e-08,-3.622299734158e-08,5.026975119981,0.697995,0.000670378
5.045045045045045,3.622709921964e-08,-3.622305651435e-08,5.037051972471,0.697995,0.000670286
5.055055055055055,3.622710335232e-08,-3.622312754994e-08,5.047128258544,0.697995,0.000670195
5.065065065065065,3.622709961555e-08,-3.622318959899e-08,5.057203986071,0.697995,0.000670105
5.075075075075075,3.62270995567e-08,-3.622325422596e-08,5.067279158337,0.697995,0.000670016
5.085085085085085,3.62270930942e-08,-3.62233113695e-08,5.077353781573,0.697995,0.000669927
5.095095095095095,3.622710258081e-08,-3.622338339726e-08,5.087427857547,0.697995,0.000669839
5.105105105105105,3.622710710635e-08,-3.622344942031e-08,5.097501393866,0.697995,0.000669752
5.115115115115115,3.622710737963e-08,-3.6223510165e-08,5.107574395136,0.697995,0.000669665
5.125125125125125,3.622710410313e-08,-3.622356635107e-08,5.11764686592,0.697995,0.000669579
5.135135135135135,3.622709797309e-08,-3.622361869171e-08,5.127718810742,0.697995,0.000669494
5.145145145145145,3.622710050212e-08,-3.622367871471e-08,5.137790232689,0.697995,0.00066941
5.155155155155155,3.62271015543e-08,-3.622373630209e-08,5.147861137632,0.697995,0.000669326
5.165165165165165,3.622710180743e-08,-3.622379214778e-08,5.157931529978,0.697995,0.000669243
5.175175175175175,3.622710193331e-08,-3.62238469394e-08,5.1680014141,0.697995,0.000669161
5.185185185185185,3.622710259774e-08,-3.622390135834e-08,5.178070794331,0.697995,0.00066908
5.195195195195195,3.622709363134e-08,-3.622394525191e-08,5.18813967631,0.697995,0.000668999
5.205205205205205,3.622709734543e-08,-3.622400094369e-08,5.1982080616,0.697995,0.000668919
5.215215215215215,3.62271035603e-08,-3.622405827017e-08,5.208275955777,0.697995,0.000668839
5.225225225225225,3.622710208525e-08,-3.622410705652e-08,5.218343364339,0.697995,0.000668761
5.235235235235235,3.622709355323e-08,-3.622414794994e-08,5.228410291406,0.697995,0.000668682
5.245245245245245,3.622710026315e-08,-3.622420326076e-08,5.23847673848,0.697995,0.000668605
5.255255255255255,3.622710117038e-08,-3.622425196076e-08,5.248542712232,0.697995,0.000668528
5.265265265265265,3.622709689126e-08,-3.622429467981e-08,5.258608216675,0.697995,0.000668452
5.275275275275275,3.622709887616e-08,-3.622434288036e-08,5.268673254531,0.697995,0.000668376
5.285285285285285,3.622709689357e-08,-3.622438634523e-08,5.278737831023,0.697995,0.000668302
5.295295295295295,3.622710238557e-08,-3.622443652818e-08,5.288801948826,0.697995,0.000668227
5.305305305305305,3.622709426436e-08,-3.622447235642e-08,5.298865614303,0.697995,0.000668154
5.315315315315315,3.622710564902e-08,-3.622452695799e-08,5.308928827614,0.697995,0.000668081
5.325325325325325,3.622709374896e-08,-3.62245575591e-08,5.318991597465,0.697995,0.000668008
5.335335335335335,3.622709167654e-08,-3.622459728072e-08,5.329053923981,0.697995,0.000667937
5.345345345345345,3.62271000095e-08,-3.622464671243e-08,5.339115810938,0.697995,0.000667865
5.355355355355355,3.622709762238e-08,-3.622468474258e-08,5.349177264438,0.697995,0.000667795
5.365365365365365,3.622710677626e-08,-3.62247336415e-08,5.359238285797,0.697995,0.000667725
5.375375375375375,3.622709547975e-08,-3.62247614322e-08,5.369298882175,0.697995,0.000667655
5.385385385385385,3.622709683775e-08,-3.622480122743e-08,5.379359053685,0.697995,0.000667587
5.395395395395395,3.622710054949e-08,-3.622484273835e-08,5.389418805087,0.697995,0.000667518
5.405405405405405,3.622709630491e-08,-3.622487566653e-08,5.399478141071,0.697995,0.000667451
5.415415415415415,3.622710635214e-08,-3.622492226861e-08,5.409537062894,0.697995,0.000667384
5.425425425425425,3.622709865891e-08,-3.622495052553e-08,5.419595577423,0.697995,0.000667317
5.435435435435435,3.622710632309e-08,-3.622499354239e-08,5.429653684759,0.697995,0.000667251
5.445445445445445,3.622709729656e-08,-3.622501928387e-08,5.439711391655,0.697995,0.000667186
5.455455455455455,3.622709381437e-08,-3.62250499929e-08,5.449768699295,0.697995,0.000667121
5.465465465465465,3.622709639321e-08,-3.62250861958e-08,5.459825611061,0.697995,0.000667057
5.475475475475475,3.622710554523e-08,-3.622512841421e-08,5.469882130306,0.697995,0.000666993
5.485485485485485,3.622710005161e-08,-3.622515544034e-08,5.479938262474,0.697995,0.000666929
5.495495495495495,3.622710213797e-08,-3.62251895072e-08,5.489994008706,0.697995,0.000666867
5.505505505505505,3.62271014379e-08,-3.622522025821e-08,5.500049373314,0.697995,0.000666805
5.515515515515515,3.622709844288e-08,-3.622524819367e-08,5.510104359511,0.697995,0.000666743
5.525525525525525,3.622710450746e-08,-3.6225284676e-08,5.52015896946,0.697995,0.000666682
5.535535535535535,3.622709838096e-08,-3.622530846463e-08,5.530213208382,0.697995,0.000666621
5.545545545545545,3.62271022778e-08,-3.622534178081e-08,5.540267077366,0.697995,0.000666561
5.555555555555555,3.622710580525e-08,-3.622537424083e-08,5.550320580546,0.697995,0.000666501
5.565565565565565,3.622709856252e-08,-3.622539545275e-08,5.560373721994,0.697995,0.000666442
5.575575575575575,3.622710275759e-08,-3.622542763099e-08,5.570426502773,0.697995,0.000666384
5.585585585585585,3.62271079825e-08,-3.622546037622e-08,5.580478926912,0.697995,0.000666326
5.595595595595595,3.622710382143e-08,-3.622548328102e-08,5.590530998382,0.697995,0.000666268
5.605605605605605,3.622710160102e-08,-3.622550767885e-08,5.600582719177,0.697995,0.000666211
5.615615615615615,3.62271017717e-08,-3.622553402761e-08,5.610634092249,0.697995,0.000666154
5.625625625625625,3.622710478002e-08,-3.622556278115e-08,5.620685120526,0.697995,0.000666098
5.635635635635635,3.622710019077e-08,-3.622558351215e-08,5.630735807848,0.697995,0.000666042
5.645645645645645,3.622709931882e-08,-3.622560754186e-08,5.64078615614,0.697995,0.000665987
5.655655655655655,3.622709171955e-08,-3.622562443326e-08,5.65083616918,0.697995,0.000665932
5.665665665665665,3.622709958271e-08,-3.622565638164e-08,5.660885847945,0.697995,0.000665877
5.675675675675675,3.622710157559e-08,-3.622568206233e-08,5.670935197077,0.697995,0.000665824
5.685685685685685,3.62270981194e-08,-3.622570190311e-08,5.680984219337,0.697995,0.00066577
5.6956956956956954,3.622710051495e-08,-3.622572721065e-08,5.691032916569,0.697995,0.000665717
5.7057057057057055,3.62271091788e-08,-3.622575840794e-08,5.701081291509,0.697995,0.000665665
5.7157157157157155,3.622710275405e-08,-3.622577414553e-08,5.711129348623,0.697995,0.000665612
5.7257257257257255,3.62270925308e-08,-3.622578571907e-08,5.721177089689,0.697995,0.00066556
5.7357357357357355,3.62271006857e-08,-3.622581531013e-08,5.731224515626,0.697995,0.000665509
5.7457457457457455,3.622709496125e-08,-3.62258306689e-08,5.741271631667,0.697995,0.000665458
5.7557557557557555,3.622709752799e-08,-3.622585397066e-08,5.751318438694,0.697995,0.000665408
5.7657657657657655,3.622709789232e-08,-3.622587472813e-08,5.76136494015,0.697995,0.000665358
5.7757757757757755,3.622709644388e-08,-3.622589333661e-08,5.771411138593,0.697995,0.000665308
5.7857857857857855,3.622710445973e-08,-3.622592107821e-08,5.781457035729,0.697995,0.000665259
5.7957957957957955,3.622710054212e-08,-3.622593656171e-08,5.791502635736,0.697995,0.000665211
5.8058058058058055,3.622710685308e-08,-3.622596195349e-08,5.801547939459,0.697995,0.000665162
5.8158158158158155,3.622710198508e-08,-3.622597585234e-08,5.811592951007,0.697995,0.000665114
5.8258258258258255,3.622709720292e-08,-3.622598952775e-08,5.821637672009,0.697995,0.000665067
5.8358358358358355,3.622710377131e-08,-3.622601424906e-08,5.831682104101,0.697995,0.00066502
5.8458458458458455,3.62271002684e-08,-3.622602860045e-08,5.841726251291,0.697995,0.000664973
5.8558558558558556,3.622709795184e-08,-3.6226043844e-08,5.851770115168,0.697995,0.000664926
5.865865865865866,3.622710807919e-08,-3.622607124171e-08,5.861813697326,0.697995,0.00066488
5.875875875875876,3.622709831689e-08,-3.622607846617e-08,5.871857002443,0.697995,0.000664835
5.885885885885886,3.622710171039e-08,-3.622609856618e-08,5.881900030522,0.697995,0.00066479
5.895895895895896,3.622709681479e-08,-3.622611010236e-08,5.891942785407,0.697995,0.000664745
5.905905905905906,3.622709487626e-08,-3.622612432496e-08,5.90198526862,0.697995,0.0006647
5.915915915915916,3.622709624018e-08,-3.622614158387e-08,5.912027482433,0.697995,0.000664656
5.925925925925926,3.6227101249e-08,-3.622616222593e-08,5.922069429101,0.697995,0.000664612
5.935935935935936,3.622709934006e-08,-3.622617569323e-08,5.93211111159,0.697995,0.000664569
5.945945945945946,3.622710175071e-08,-3.622619322695e-08,5.942152531371,0.697995,0.000664526
5.955955955955956,3.622709791112e-08,-3.622620426184e-08,5.952193691361,0.697995,0.000664483
5.965965965965966,3.622709905434e-08,-3.622622003466e-08,5.962234593008,0.697995,0.000664441
5.975975975975976,3.622710550845e-08,-3.622624087755e-08,5.972275238472,0.697995,0.000664399
5.985985985985986,3.62270957874e-08,-3.62262453092e-08,5.982315631301,0.697995,0.000664357
5.995995995995996,3.622710292859e-08,-3.622626636977e-08,5.992355771493,0.697995,0.000664316
6.006006006006006,3.622710543978e-08,-3.622628257163e-08,6.002395662555,0.697995,0.000664275
6.016016016016016,3.622710363598e-08,-3.622629423356e-08,6.012435306559,0.697995,0.000664235
6.026026026026026,3.622709782951e-08,-3.622630167157e-08,6.02247470556,0.697995,0.000664194
6.036036036036036,3.622709923903e-08,-3.622631610765e-08,6.03251386092,0.697995,0.000664154
6.046046046046046,3.622709726389e-08,-3.622632694508e-08,6.042552775346,0.697995,0.000664115
6.056056056056056,3.622709220851e-08,-3.62263344918e-08,6.052591450842,0.697995,0.000664076
6.066066066066066,3.622710619662e-08,-3.622636087435e-08,6.062629888075,0.697995,0.000664037
6.076076076076076,3.622710679654e-08,-3.622637366549e-08,6.072668091011,0.697995,0.000663998
6.086086086086086,3.62271052153e-08,-3.622638407524e-08,6.082706060937,0.697995,0.00066396
6.096096096096096,3.622710174709e-08,-3.622639240112e-08,6.092743799791,0.697995,0.000663922
6.106106106106106,3.622710759708e-08,-3.622640985122e-08,6.102781308856,0.697995,0.000663884
6.116116116116116,3.622710122817e-08,-3.622641489225e-08,6.112818591319,0.697995,0.000663847
6.126126126126126,3.622709383999e-08,-3.622641872667e-08,6.122855648425,0.697995,0.00066381
6.136136136136136,3.622709663217e-08,-3.622643255691e-08,6.132892481426,0.697995,0.000663773
6.146146146146146,3.622709897254e-08,-3.622644575413e-08,6.142929092812,0.697995,0.000663737
6.156156156156156,3.622710114064e-08,-3.622645860086e-08,6.152965484426,0.697995,0.0006637
6.166166166166166,3.62271034136e-08,-3.622647137717e-08,6.163001658093,0.697995,0.000663665
6.176176176176176,3.622709514856e-08,-3.622647344335e-08,6.173037616228,0.697995,0.000663629
6.186186186186186,3.622709845279e-08,-3.622648690896e-08,6.183073359418,0.697995,0.000663594
6.196196196196196,3.622710267934e-08,-3.622650113014e-08,6.193108890051,0.697995,0.000663559
6.206206206206206,3.622709717669e-08,-3.622650545836e-08,6.203144210483,0.697995,0.000663524
6.216216216216216,3.622709312873e-08,-3.622651107994e-08,6.213179321867,0.697995,0.00066349
6.226226226226226,3.62271017194e-08,-3.622652918123e-08,6.223214225362,0.697995,0.000663456
6.236236236236236,3.622709044817e-08,-3.622652726508e-08,6.233248924427,0.697995,0.000663422
6.246246246246246,3.622710325732e-08,-3.622654927533e-08,6.243283418466,0.697995,0.000663389
6.256256256256256,3.622709671804e-08,-3.622655178668e-08,6.253317711458,0.697995,0.000663355
6.266266266266266,3.622709292715e-08,-3.622655689793e-08,6.263351803936,0.697995,0.000663322
6.276276276276276,3.622710306037e-08,-3.622657578703e-08,6.273385697012,0.697995,0.00066329
6.286286286286286,3.622710552194e-08,-3.62265868611e-08,6.283419393452,0.697995,0.000663257
6.296296296296296,3.622710055842e-08,-3.622659036904e-08,6.293452894882,0.697995,0.000663225
6.306306306306306,3.622709933923e-08,-3.622659748235e-08,6.30348620237,0.697995,0.000663193
6.316316316316316,3.622710210837e-08,-3.622660844734e-08,6.313519317529,0.697995,0.000663162
6.326326326326326,3.622709818185e-08,-3.622661258248e-08,6.32355224249,0.697995,0.00066313
6.336336336336336,3.622709872449e-08,-3.622662105458e-08,6.333584978295,0.697995,0.000663099
6.346346346346346,3.622710397419e-08,-3.622663410371e-08,6.343617526516,0.697995,0.000663068
6.356356356356356,3.622710323935e-08,-3.622664104062e-08,6.35364988923,0.697995,0.000663038
6.366366366366366,3.622709675235e-08,-3.622664209978e-08,6.363682067972,0.697995,0.000663007
6.376376376376376,3.62270956721e-08,-3.622664844197e-08,6.373714063749,0.697995,0.000662977
6.386386386386386,3.622710022858e-08,-3.62266602992e-08,6.383745878081,0.697995,0.000662947
6.396396396396396,3.622709972036e-08,-3.622666697224e-08,6.393777512978,0.697995,0.000662918
6.406406406406406,3.622709437209e-08,-3.622666868771e-08,6.403808969924,0.697995,0.000662888
6.416416416416417,3.622710626741e-08,-3.622668753077e-08,6.413840249397,0.697995,0.000662859
6.426426426426427,3.622709190645e-08,-3.622668000423e-08,6.423871354844,0.697995,0.00066283
6.436436436436437,3.62270952309e-08,-3.62266900509e-08,6.433902285739,0.697995,0.000662802
6.446446446446447,3.622710552895e-08,-3.622670696099e-08,6.443933044022,0.697995,0.000662774
6.456456456456457,3.622710115273e-08,-3.62267090888e-08,6.453963632085,0.697995,0.000662745
6.466466466466467,3.622710417995e-08,-3.622671851346e-08,6.463994050376,0.697995,0.000662717
6.476476476476477,3.622710389051e-08,-3.622672451679e-08,6.474024300776,0.697995,0.00066269
6.486486486486487,3.62271004944e-08,-3.62267273105e-08,6.484054384672,0.697995,0.000662662
6.496496496496497,3.622710513398e-08,-3.622673803848e-08,6.494084302975,0.697995,0.000662635
6.506506506506507,3.622710708247e-08,-3.622674597576e-08,6.50411405752,0.697995,0.000662608
6.516516516516517,3.622709560957e-08,-3.622674039386e-08,6.514143650115,0.697995,0.000662581
6.526526526526527,3.62271037234e-08,-3.622675430201e-08,6.524173080735,0.697995,0.000662555
6.536536536536537,3.622709882018e-08,-3.622675509849e-08,6.534202352077,0.697995,0.000662528
6.546546546546547,3.622710297091e-08,-3.622676485554e-08,6.544231464559,0.697995,0.000662502
6.556556556556557,3.62270945013e-08,-3.622676190071e-08,6.554260420382,0.697995,0.000662476
6.566566566566567,3.622709548074e-08,-3.62267683046e-08,6.564289219959,0.697995,0.00066245
6.576576576576577,3.622710610518e-08,-3.622678426463e-08,6.574317864586,0.697995,0.000662425
6.586586586586587,3.622710469278e-08,-3.622678810072e-08,6.58434635641,0.697995,0.0006624
6.596596596596597,3.622710237217e-08,-3.622679094276e-08,6.594374696261,0.697995,0.000662375
6.606606606606607,3.622709933312e-08,-3.622679298196e-08,6.604402885391,0.697995,0.00066235
6.616616616616617,3.622710670314e-08,-3.622680534705e-08,6.614430924627,0.697995,0.000662325
6.626626626626627,3.62271027907e-08,-3.622680634815e-08,6.624458816044,0.697995,0.000662301
6.636636636636637,3.622709871974e-08,-3.62268071104e-08,6.634486560445,0.697995,0.000662276
6.646646646646647,3.622710561427e-08,-3.622681875899e-08,6.644514158632,0.697995,0.000662252
6.656656656656657,3.622710177571e-08,-3.62268195969e-08,6.654541612633,0.697995,0.000662228
6.666666666666667,3.622709832461e-08,-3.622682074582e-08,6.664568923228,0.697995,0.000662205
6.676676676676677,3.622710638158e-08,-3.622683332749e-08,6.674596091202,0.697995,0.000662181
6.686686686686687,3.62270932991e-08,-3.622682469599e-08,6.684623118927,0.697995,0.000662158
6.696696696696697,3.622709207814e-08,-3.622682785314e-08,6.694650006369,0.697995,0.000662135
6.706706706706707,3.622710289434e-08,-3.622684297577e-08,6.704676754692,0.697995,0.000662112
6.716716716716717,3.62271040355e-08,-3.622684835309e-08,6.714703365825,0.697995,0.000662089
6.726726726726727,3.622710661565e-08,-3.622685510018e-08,6.72472984051,0.697995,0.000662067
6.736736736736737,3.622709986103e-08,-3.62268524445e-08,6.734756180255,0.697995,0.000662044
6.746746746746747,3.622710582788e-08,-3.62268624432e-08,6.744782385411,0.697995,0.000662022
6.756756756756757,3.622710279529e-08,-3.622686337668e-08,6.754808457844,0.697995,0.000662
6.766766766766767,3.622710187316e-08,-3.62268663558e-08,6.764834398274,0.697995,0.000661978
6.776776776776777,3.622710322602e-08,-3.622687154618e-08,6.774860207788,0.697995,0.000661957
6.786786786786787,3.622710701707e-08,-3.622687911203e-08,6.784885887469,0.697995,0.000661935
6.796796796796797,3.622710246203e-08,-3.622687827022e-08,6.794911438749,0.697995,0.000661914
6.806806806806807,3.622710066676e-08,-3.62268801275e-08,6.804936862323,0.697995,0.000661893
6.816816816816817,3.622710179039e-08,-3.622688484402e-08,6.814962159245,0.697995,0.000661872
6.826826826826827,3.622710599073e-08,-3.622689257855e-08,6.824987330561,0.697995,0.000661852
6.836836836836837,3.62271024768e-08,-3.622689254116e-08,6.835012377657,0.697995,0.000661831
6.846846846846847,3.622710235057e-08,-3.622689583467e-08,6.845037301206,0.697995,0.000661811
6.856856856856857,3.622709481779e-08,-3.622689166587e-08,6.855062102571,0.697995,0.00066179
6.866866866866867,3.622709097855e-08,-3.622689113566e-08,6.865086782414,0.697995,0.00066177
6.876876876876877,3.622710193302e-08,-3.622690534501e-08,6.875111341397,0.697995,0.00066175
6.886886886886887,3.622709498483e-08,-3.622690159871e-08,6.885135781534,0.697995,0.00066173
6.896896896896897,3.622710312925e-08,-3.622691289264e-08,6.895160102793,0.697995,0.000661711
6.906906906906907,3.622709366548e-08,-3.62269065271e-08,6.905184307153,0.697995,0.000661692
6.916916916916917,3.622709958829e-08,-3.622691549746e-08,6.915208394583,0.697995,0.000661672
6.926926926926927,3.622709914291e-08,-3.622691804994e-08,6.925232366705,0.697995,0.000661653
6.936936936936937,3.622709247235e-08,-3.622691432836e-08,6.935256224465,0.697995,0.000661634
6.946946946946947,3.622710162051e-08,-3.622692637726e-08,6.945279968159,0.697995,0.000661616
6.956956956956957,3.622710482714e-08,-3.622693243734e-08,6.955303599371,0.697995,0.000661597
6.966966966966967,3.622709128004e-08,-3.622692169724e-08,6.965327119339,0.697995,0.000661578
6.976976976976977,3.622710492446e-08,-3.622693810268e-08,6.975350527719,0.697995,0.00066156
6.986986986986987,3.622710209119e-08,-3.622693798549e-08,6.985373826682,0.697995,0.000661542
6.996996996996997,3.622710482046e-08,-3.62269433865e-08,6.995397016507,0.697995,0.000661524
7.007007007007007,3.622710229518e-08,-3.622694348939e-08,7.005420098398,0.697995,0.000661506
7.017017017017017,3.622709464909e-08,-3.622693842864e-08,7.015443073242,0.697995,0.000661488
7.027027027027027,3.622710392175e-08,-3.622695024436e-08,7.025465941315,0.697995,0.000661471
7.037037037037037,3.622710833895e-08,-3.622695716317e-08,7.0354887041,0.697995,0.000661453
7.047047047047047,3.62270970771e-08,-3.622694836223e-08,7.045511362755,0.697995,0.000661436
7.057057057057057,3.622710312767e-08,-3.622695683345e-08,7.05553391725,0.697995,0.000661419
7.067067067067067,3.622710471144e-08,-3.622696079843e-08,7.065556369032,0.697995,0.000661402
7.077077077077077,3.622710195563e-08,-3.622696038503e-08,7.075578718943,0.697995,0.000661385
7.087087087087087,3.622710594158e-08,-3.622696667514e-08,7.085600967532,0.697995,0.000661368
7.097097097097097,3.622709488437e-08,-3.62269578846e-08,7.095623116202,0.697995,0.000661351
7.107107107107107,3.622710177437e-08,-3.622696700421e-08,7.105645164925,0.697995,0.000661335
7.117117117117117,3.622710482432e-08,-3.622697224745e-08,7.115667115087,0.697995,0.000661319
7.127127127127127,3.622709320001e-08,-3.622696278074e-08,7.125688967774,0.697995,0.000661302
7.137137137137137,3.62270998912e-08,-3.622697159424e-08,7.135710722958,0.697995,0.000661287
7.147147147147147,3.622710310593e-08,-3.622697689672e-08,7.145732381991,0.697995,0.000661271
7.157157157157157,3.622710296324e-08,-3.622697880775e-08,7.155753945662,0.697995,0.000661255
7.167167167167167,3.622709958115e-08,-3.622697744593e-08,7.165775414753,0.697995,0.000661239
7.177177177177177,3.622710403428e-08,-3.622698388635e-08,7.175796789775,0.697995,0.000661224
7.187187187187187,3.622709452386e-08,-3.62269763309e-08,7.18581807203,0.697995,0.000661208
7.197197197197197,3.622709308039e-08,-3.622697681049e-08,7.195839261753,0.697995,0.000661193
7.207207207207207,3.622709981881e-08,-3.622698544059e-08,7.205860359706,0.697995,0.000661178
7.217217217217217,3.622710389451e-08,-3.622699137715e-08,7.215881366903,0.697995,0.000661163
7.227227227227227,3.622709446097e-08,-3.622698377421e-08,7.225902284343,0.697995,0.000661148
7.237237237237237,3.622710450599e-08,-3.622699561991e-08,7.235923112001,0.697995,0.000661133
7.247247247247247,3.622710126356e-08,-3.622699414887e-08,7.245943851372,0.697995,0.000661118
7.257257257257257,3.622709580202e-08,-3.622699042987e-08,7.255964502929,0.697995,0.000661104
7.267267267267267,3.622709918977e-08,-3.622699553173e-08,7.265985067144,0.697995,0.000661089
7.277277277277277,3.622710057523e-08,-3.622699860336e-08,7.276005544982,0.697995,0.000661075
7.287287287287287,3.62271000652e-08,-3.622699975206e-08,7.286025937153,0.697995,0.000661061
7.297297297297297,3.622709776564e-08,-3.62269990842e-08,7.296046244357,0.697995,0.000661047
7.307307307307307,3.622710474233e-08,-3.622700766597e-08,7.306066467055,0.697995,0.000661033
7.317317317317317,3.622709917825e-08,-3.622700368087e-08,7.316086606415,0.697995,0.000661019
7.327327327327327,3.622710309842e-08,-3.622700915426e-08,7.326106662647,0.697995,0.000661005
7.337337337337337,3.622709468316e-08,-3.622700226697e-08,7.336126636904,0.697995,0.000660992
7.347347347347347,3.622709595672e-08,-3.622700504356e-08,7.346146529391,0.697995,0.000660978
7.357357357357357,3.622709605869e-08,-3.622700662409e-08,7.356166341012,0.697995,0.000660965
7.367367367367367,3.622709508902e-08,-3.622700710891e-08,7.36618607243,0.697995,0.000660951
7.377377377377377,3.622709314686e-08,-3.622700659755e-08,7.376205724303,0.697995,0.000660938
7.387387387387387,3.622710129303e-08,-3.622701615117e-08,7.386225297058,0.697995,0.000660925
7.397397397397397,3.622709770022e-08,-3.622701394293e-08,7.396244791793,0.697995,0.000660912
7.407407407407407,3.622710439035e-08,-3.622702199506e-08,7.406264208702,0.697995,0.000660899
7.4174174174174174,3.622709953366e-08,-3.622701847822e-08,7.416283548865,0.697995,0.000660887
7.4274274274274275,3.622710515134e-08,-3.62270254139e-08,7.426302812475,0.697995,0.000660874
7.4374374374374375,3.622709941119e-08,-3.622702097032e-08,7.436322000591,0.697995,0.000660861
7.4474474474474475,3.622709336991e-08,-3.622701620449e-08,7.446341113616,0.697995,0.000660849
7.4574574574574575,3.622710904824e-08,-3.622703313745e-08,7.456360151743,0.697995,0.000660837
7.4674674674674675,3.622709171844e-08,-3.622701704194e-08,7.466379116642,0.697995,0.000660824
7.4774774774774775,3.62270962919e-08,-3.622702282954e-08,7.476398007862,0.697995,0.000660812
7.4874874874874875,3.622710093114e-08,-3.622702866314e-08,7.486416826428,0.697995,0.0006608
7.4974974974974975,3.622709476108e-08,-3.622702366804e-08,7.496435573139,0.697995,0.000660788
7.5075075075075075,3.622709980013e-08,-3.622702986287e-08,7.506454248175,0.697995,0.000660776
7.5175175175175175,3.622709420675e-08,-3.622702540651e-08,7.51647285253,0.697995,0.000660765
7.5275275275275275,3.622709999867e-08,-3.622703231689e-08,7.52649138638,0.697995,0.000660753
7.5375375375375375,3.622710629771e-08,-3.622703971619e-08,7.536509850506,0.697995,0.000660741
7.5475475475475475,3.622710222419e-08,-3.622703672505e-08,7.546528245674,0.697995,0.00066073
7.5575575575575575,3.62270988289e-08,-3.62270343945e-08,7.556546572252,0.697995,0.000660718
7.5675675675675675,3.62270961965e-08,-3.622703280953e-08,7.566564830803,0.697995,0.000660707
7.5775775775775776,3.6227094411e-08,-3.62270320544e-08,7.576583021884,0.697995,0.000660696
7.587587587587588,3.622710452219e-08,-3.622704317916e-08,7.586601145858,0.697995,0.000660685
7.597597597597598,3.622710467984e-08,-3.622704433391e-08,7.596619203656,0.697995,0.000660674
7.607607607607608,3.62271059322e-08,-3.622704656714e-08,7.606637195629,0.697995,0.000660663
7.617617617617618,3.622709739348e-08,-3.622703899335e-08,7.616655122503,0.697995,0.000660652
7.627627627627628,3.622710107817e-08,-3.622704362724e-08,7.626672984441,0.697995,0.000660641
7.637637637637638,3.622709513191e-08,-3.622703861475e-08,7.636690782342,0.697995,0.000660631
7.647647647647648,3.622710156859e-08,-3.622704596999e-08,7.646708516367,0.697995,0.00066062
7.657657657657658,3.622709853183e-08,-3.622704383685e-08,7.656726187402,0.697995,0.00066061
7.667667667667668,3.622710803493e-08,-3.622705422884e-08,7.666743795603,0.697995,0.000660599
7.677677677677678,3.62270972514e-08,-3.622704431979e-08,7.676761342018,0.697995,0.000660589
7.687687687687688,3.622709916173e-08,-3.622704709033e-08,7.686778826623,0.697995,0.000660579
7.697697697697698,3.622709190557e-08,-3.622704068042e-08,7.696796250274,0.697995,0.000660569
7.707707707707708,3.622709749506e-08,-3.622704710236e-08,7.706813613125,0.697995,0.000660559
7.717717717717718,3.622709406796e-08,-3.622704449418e-08,7.716830916016,0.697995,0.000660549
7.727727727727728,3.622710363583e-08,-3.622705486762e-08,7.726848159099,0.697995,0.000660539
7.737737737737738,3.622709336542e-08,-3.622704538971e-08,7.736865343371,0.697995,0.000660529
7.747747747747748,3.622709623651e-08,-3.622704904039e-08,7.746882468807,0.697995,0.000660519
7.757757757757758,3.622710135254e-08,-3.622705492332e-08,7.756899536059,0.697995,0.00066051
7.767767767767768,3.622709781568e-08,-3.62270521409e-08,7.766916545767,0.697995,0.0006605
7.777777777777778,3.622709666638e-08,-3.622705173377e-08,7.776933498237,0.697995,0.000660491
7.787787787787788,3.622709797523e-08,-3.622705377271e-08,7.786950393939,0.697995,0.000660481
7.797797797797798,3.622710181225e-08,-3.622705832794e-08,7.796967233337,0.697995,0.000660472
7.807807807807808,3.622709727666e-08,-3.622705449889e-08,7.806984017053,0.697995,0.000660463
7.817817817817818,3.622709540723e-08,-3.62270533245e-08,7.817000745382,0.697995,0.000660453
7.827827827827828,3.622710724276e-08,-3.622706584375e-08,7.827017418622,0.697995,0.000660444
7.837837837837838,3.622709993947e-08,-3.622705921309e-08,7.837034037691,0.697995,0.000660435
7.847847847847848,3.622710647605e-08,-3.622706641134e-08,7.847050602569,0.697995,0.000660426
7.857857857857858,3.622710497767e-08,-3.622706556388e-08,7.857067114006,0.697995,0.000660418
7.867867867867868,3.622710648107e-08,-3.62270677076e-08,7.867083572286,0.697995,0.000660409
7.877877877877878,3.622710008053e-08,-3.622706193699e-08,7.877099977995,0.697995,0.0006604
7.887887887887888,3.622709681201e-08,-3.622705928815e-08,7.887116331413,0.697995,0.000660391
7.897897897897898,3.622709673997e-08,-3.62270598257e-08,7.897132632968,0.697995,0.000660383
7.907907907907908,3.622709992835e-08,-3.622706361375e-08,7.907148883086,0.697995,0.000660374
7.917917917917918,3.622710644054e-08,-3.622707071587e-08,7.917165082188,0.697995,0.000660366
7.927927927927928,3.622709439552e-08,-3.62270592512e-08,7.927181230979,0.697995,0.000660357
7.937937937937938,3.62270967711e-08,-3.622706219769e-08,7.937197329439,0.697995,0.000660349
7.947947947947948,3.622710265734e-08,-3.622706864554e-08,7.947213378125,0.697995,0.000660341
7.957957957957958,3.62271011432e-08,-3.622706768388e-08,7.957229377584,0.697995,0.000660332
7.967967967967968,3.622709228911e-08,-3.622705937331e-08,7.967245328219,0.697995,0.000660324
7.977977977977978,3.62270981003e-08,-3.622706571916e-08,7.97726123015,0.697995,0.000660316
7.987987987987988,3.622710766425e-08,-3.622707580907e-08,7.987277083915,0.697995,0.000660308
7.997997997997998,3.622709909449e-08,-3.622706775675e-08,7.997292890182,0.697995,0.0006603
8.008008008008009,3.622710536821e-08,-3.622707453948e-08,8.007308648931,0.697995,0.000660293
8.018018018018019,3.622710459786e-08,-3.622707426986e-08,8.01732436082,0.697995,0.000660285
8.028028028028029,3.622709684096e-08,-3.622706700556e-08,8.027340026232,0.697995,0.000660277
8.038038038038039,3.622710410138e-08,-3.622707475057e-08,8.037355645282,0.697995,0.000660269
8.048048048048049,3.622710448939e-08,-3.622707561528e-08,8.047371218613,0.697995,0.000660262
8.058058058058059,3.622710903475e-08,-3.62270806296e-08,8.057386746468,0.697995,0.000660254
8.068068068068069,3.62271068197e-08,-3.622707887589e-08,8.067402229348,0.697995,0.000660247
8.078078078078079,3.622709789942e-08,-3.622707040947e-08,8.077417667619,0.697995,0.000660239
8.088088088088089,3.622709330272e-08,-3.622706625923e-08,8.08743306152,0.697995,0.000660232
8.098098098098099,3.62271040584e-08,-3.622707745411e-08,8.097448411287,0.697995,0.000660225
8.108108108108109,3.622709729819e-08,-3.622707112597e-08,8.107463717658,0.697995,0.000660217
8.118118118118119,3.622710599834e-08,-3.622708025115e-08,8.117478980614,0.697995,0.00066021
8.128128128128129,3.622709728896e-08,-3.622707195991e-08,8.12749420088,0.697995,0.000660203
8.138138138138139,3.622710414615e-08,-3.622707922843e-08,8.137509378437,0.697995,0.000660196
8.148148148148149,3.622709369843e-08,-3.622706918538e-08,8.147524513999,0.697995,0.000660189
8.158158158158159,3.622709892176e-08,-3.622707480678e-08,8.157539607548,0.697995,0.000660182
8.168168168168169,3.622709791809e-08,-3.622707419472e-08,8.167554659666,0.697995,0.000660175
8.178178178178179,3.622710171336e-08,-3.622707837523e-08,8.177569670574,0.697995,0.000660168
8.188188188188189,3.622709938309e-08,-3.622707642395e-08,8.187584640725,0.697995,0.000660162
8.198198198198199,3.622710195262e-08,-3.622707936629e-08,8.197599570338,0.697995,0.000660155
8.208208208208209,3.622709849642e-08,-3.622707627686e-08,8.207614459857,0.697995,0.000660148
8.218218218218219,3.622710003922e-08,-3.622707818046e-08,8.217629309496,0.697995,0.000660142
8.228228228228229,3.622709565447e-08,-3.622707415066e-08,8.227644119694,0.697995,0.000660135
8.238238238238239,3.622710734208e-08,-3.622708618743e-08,8.23765889055,0.697995,0.000660129
8.248248248248249,3.622710222305e-08,-3.62270814119e-08,8.24767362272,0.697995,0.000660122
8.258258258258259,3.62271022966e-08,-3.622708182338e-08,8.257688316297,0.697995,0.000660116
8.268268268268269,3.622709663417e-08,-3.622707649338e-08,8.267702971707,0.697995,0.000660109
8.278278278278279,3.622709625876e-08,-3.622707644499e-08,8.277717589152,0.697995,0.000660103
8.288288288288289,3.62271012171e-08,-3.622708172504e-08,8.287732168944,0.697995,0.000660097
8.298298298298299,3.622710057915e-08,-3.622708140357e-08,8.297746711497,0.697995,0.000660091
8.308308308308309,3.622709439057e-08,-3.622707552634e-08,8.307761217115,0.697995,0.000660084
8.318318318318319,3.622709367326e-08,-3.622707511532e-08,8.317775685993,0.697995,0.000660078
8.328328328328329,3.622709847245e-08,-3.62270802158e-08,8.327790118434,0.697995,0.000660072
8.338338338338339,3.622709785618e-08,-3.622707989595e-08,8.337804514838,0.697995,0.000660066
8.348348348348349,3.622710284554e-08,-3.62270851769e-08,8.347818875396,0.697995,0.00066006
8.358358358358359,3.622709153066e-08,-3.622707414889e-08,8.357833200606,0.697995,0.000660054
8.368368368368369,3.622709688599e-08,-3.622707978641e-08,8.367847490451,0.697995,0.000660049
8.378378378378379,3.622709700084e-08,-3.622708017888e-08,8.377861745423,0.697995,0.000660043
8.388388388388389,3.622710289527e-08,-3.62270863464e-08,8.387875965707,0.697995,0.000660037
8.398398398398399,3.622710363456e-08,-3.622708735436e-08,8.397890151685,0.697995,0.000660031
8.408408408408409,3.622709926079e-08,-3.62270832449e-08,8.407904303636,0.697995,0.000660026
8.418418418418419,3.622710079324e-08,-3.622708503735e-08,8.417918421742,0.697995,0.00066002
8.428428428428429,3.622709729589e-08,-3.622708179579e-08,8.427932506374,0.697995,0.000660014
8.438438438438439,3.622709978753e-08,-3.622708453906e-08,8.437946557712,0.697995,0.000660009
8.448448448448449,3.622710830915e-08,-3.622709330821e-08,8.447960576027,0.697995,0.000660004
8.458458458458459,3.622710094548e-08,-3.622708618807e-08,8.457974561777,0.697995,0.000659998
8.468468468468469,3.622709969236e-08,-3.622708517452e-08,8.46798851504,0.697995,0.000659993
8.478478478478479,3.622709361164e-08,-3.622707932948e-08,8.478002436174,0.697995,0.000659987
8.488488488488489,3.622709372091e-08,-3.622707967059e-08,8.488016325351,0.697995,0.000659982
8.498498498498499,3.622710005948e-08,-3.622708623723e-08,8.498030182831,0.697995,0.000659977
8.508508508508509,3.622710168797e-08,-3.62270880901e-08,8.508044008965,0.697995,0.000659972
8.518518518518519,3.622709864481e-08,-3.622708526767e-08,8.518057804006,0.697995,0.000659966
8.528528528528529,3.622710194665e-08,-3.622708878666e-08,8.528071568121,0.697995,0.000659961
8.538538538538539,3.622710065291e-08,-3.622708770653e-08,8.538085301651,0.697995,0.000659956
8.548548548548549,3.622710577978e-08,-3.622709304355e-08,8.548099004757,0.697995,0.000659951
8.558558558558559,3.622709540709e-08,-3.62270828776e-08,8.55811267786,0.697995,0.000659946
8.568568568568569,3.622710250811e-08,-3.6227090182e-08,8.568126320949,0.697995,0.000659941
8.578578578578579,3.622710516199e-08,-3.622709303595e-08,8.578139934439,0.697995,0.000659936
8.588588588588589,3.622710340498e-08,-3.622709147577e-08,8.588153518571,0.697995,0.000659931
8.598598598598599,3.62271082522e-08,-3.622709651662e-08,8.598167073502,0.697995,0.000659927
8.608608608608609,3.622709778115e-08,-3.622708623605e-08,8.608180599635,0.697995,0.000659922
8.618618618618619,3.622709398554e-08,-3.622708262784e-08,8.61819409704,0.697995,0.000659917
8.62862862862863,3.622709690072e-08,-3.622708572736e-08,8.628207565953,0.697995,0.000659912
8.63863863863864,3.622709558229e-08,-3.622708459028e-08,8.638221006687,0.697995,0.000659908
8.64864864864865,3.622710104429e-08,-3.622709023069e-08,8.648234419392,0.697995,0.000659903
8.65865865865866,3.622710234161e-08,-3.622709170352e-08,8.658247804377,0.697995,0.000659898
8.66866866866867,3.622709950819e-08,-3.622708904277e-08,8.668261161867,0.697995,0.000659894
8.67867867867868,3.622709257774e-08,-3.622708228218e-08,8.678274492087,0.697995,0.000659889
8.68868868868869,3.622709256348e-08,-3.622708243502e-08,8.68828779518,0.697995,0.000659885
8.6986986986987,3.622709949878e-08,-3.62270895347e-08,8.698301071371,0.697995,0.00065988
8.70870870870871,3.622710243674e-08,-3.622709263438e-08,8.708314320954,0.697995,0.000659876
8.71871871871872,3.622710140997e-08,-3.622709176669e-08,8.718327544147,0.697995,0.000659871
8.72872872872873,3.622709645079e-08,-3.622708696402e-08,8.728340741164,0.697995,0.000659867
8.73873873873874,3.622709857145e-08,-3.622708923865e-08,8.738353912144,0.697995,0.000659863
8.74874874874875,3.622709682372e-08,-3.622708764239e-08,8.748367057375,0.697995,0.000659858
8.75875875875876,3.622710221947e-08,-3.622709318714e-08,8.758380176993,0.697995,0.000659854
8.76876876876877,3.622710380979e-08,-3.622709492405e-08,8.76839327128,0.697995,0.00065985
8.77877877877878,3.62271016257e-08,-3.622709288417e-08,8.778406340443,0.697995,0.000659846
8.78878878878879,3.622709569799e-08,-3.622708709833e-08,8.788419384686,0.697995,0.000659842
8.7987987987988,3.622709703779e-08,-3.622708857769e-08,8.798432404141,0.697995,0.000659837
8.80880880880881,3.622709469489e-08,-3.622708637209e-08,8.808445399082,0.697995,0.000659833
8.81881881881882,3.622709968008e-08,-3.622709149233e-08,8.818458369638,0.697995,0.000659829
8.82882882882883,3.62271010425e-08,-3.622709298764e-08,8.828471316079,0.697995,0.000659825
8.83883883883884,3.622709881171e-08,-3.622709088756e-08,8.838484238601,0.697995,0.000659821
8.84884884884885,3.622710399794e-08,-3.622709620239e-08,8.84849713733,0.697995,0.000659817
8.85885885885886,3.622709466843e-08,-3.622708699938e-08,8.858510012596,0.697995,0.000659814
8.86886886886887,3.622709281394e-08,-3.622708526935e-08,8.868522864456,0.697995,0.00065981
8.87887887887888,3.622709846325e-08,-3.622709104109e-08,8.878535693101,0.697995,0.000659806
8.88888888888889,3.62271006637e-08,-3.622709336198e-08,8.888548498788,0.697995,0.000659802
8.8988988988989,3.622709944341e-08,-3.622709226018e-08,8.898561281702,0.697995,0.000659798
8.90890890890891,3.622709483026e-08,-3.62270877636e-08,8.90857404203,0.697995,0.000659794
8.91891891891892,3.62270978333e-08,-3.622709088131e-08,8.918586779892,0.697995,0.000659791
8.92892892892893,3.622710848015e-08,-3.622710164097e-08,8.928599495471,0.697995,0.000659787
8.93893893893894,3.622710483517e-08,-3.622709810697e-08,8.938612189075,0.697995,0.000659783
8.94894894894895,3.622710888832e-08,-3.62271022693e-08,8.948624860759,0.697995,0.00065978
8.95895895895896,3.622709870328e-08,-3.622709219166e-08,8.958637510825,0.697995,0.000659776
8.96896896896897,3.622709626979e-08,-3.622708986384e-08,8.968650139326,0.697995,0.000659773
8.97897897897898,3.622710161436e-08,-3.622709531236e-08,8.978662746438,0.697995,0.000659769
8.98898898898899,3.622710378148e-08,-3.622709758174e-08,8.988675332396,0.697995,0.000659766
8.998998998999,3.622709181518e-08,-3.622708571604e-08,8.998687897434,0.697995,0.000659762
9.00900900900901,3.622710966868e-08,-3.62271036685e-08,9.008700441481,0.697995,0.000659759
9.01901901901902,3.622710245806e-08,-3.622709655524e-08,9.018712965008,0.697995,0.000659755
9.02902902902903,3.622709217232e-08,-3.622708636528e-08,9.028725468063,0.697995,0.000659752
9.03903903903904,3.622710080072e-08,-3.622709508791e-08,9.038737950695,0.697995,0.000659748
9.04904904904905,3.622709542201e-08,-3.622708980189e-08,9.048750413247,0.697995,0.000659745
9.05905905905906,3.622709802508e-08,-3.622709249616e-08,9.058762855766,0.697995,0.000659742
9.06906906906907,3.622709765231e-08,-3.622709221309e-08,9.068775278473,0.697995,0.000659738
9.07907907907908,3.622709432793e-08,-3.622708897697e-08,9.078787681529,0.697995,0.000659735
9.08908908908909,3.622709905838e-08,-3.622709379424e-08,9.088800065038,0.697995,0.000659732
9.0990990990991,3.622710088526e-08,-3.622709570653e-08,9.098812429217,0.697995,0.000659729
9.10910910910911,3.622709983223e-08,-3.622709473753e-08,9.108824774223,0.697995,0.000659725
9.11911911911912,3.622709592276e-08,-3.622709091072e-08,9.11883710021,0.697995,0.000659722
9.12912912912913,3.622710016272e-08,-3.6227095232e-08,9.128849407282,0.697995,0.000659719
9.13913913913914,3.622710159271e-08,-3.6227096742e-08,9.138861695645,0.697995,0.000659716
9.14914914914915,3.622710023565e-08,-3.622709546364e-08,9.148873965452,0.697995,0.000659713
9.15915915915916,3.622710709697e-08,-3.622710240238e-08,9.158886216802,0.697995,0.00065971
9.16916916916917,3.622710023379e-08,-3.622709561538e-08,9.168898449951,0.697995,0.000659707
9.17917917917918,3.622709065114e-08,-3.622708610766e-08,9.178910664993,0.697995,0.000659704
9.18918918918919,3.622710033696e-08,-3.622709586719e-08,9.188922861974,0.697995,0.000659701
9.1991991991992,3.622709636471e-08,-3.622709196746e-08,9.198935041195,0.697995,0.000659698
9.20920920920921,3.622710072201e-08,-3.622709639611e-08,9.208947202698,0.697995,0.000659695
9.21921921921922,3.622710244761e-08,-3.622709819189e-08,9.21895934668,0.697995,0.000659692
9.22922922922923,3.622709057988e-08,-3.62270863932e-08,9.228971473332,0.697995,0.000659689
9.23923923923924,3.622709808931e-08,-3.622709397056e-08,9.238983582648,0.697995,0.000659686
9.24924924924925,3.622710303096e-08,-3.622709897903e-08,9.248995674866,0.697995,0.000659683
9.25925925925926,3.622710542573e-08,-3.622710143954e-08,9.259007750128,0.697995,0.000659681
9.26926926926927,3.622709431112e-08,-3.622709038961e-08,9.269019808618,0.697995,0.000659678
9.27927927927928,3.622710265753e-08,-3.622709879963e-08,9.279031850329,0.697995,0.000659675
9.28928928928929,3.622709753555e-08,-3.622709374024e-08,9.289043875542,0.697995,0.000659672
9.2992992992993,3.622710093212e-08,-3.622709719838e-08,9.299055884297,0.697995,0.00065967
9.30930930930931,3.6227101884e-08,-3.622709821084e-08,9.309067876774,0.697995,0.000659667
9.31931931931932,3.622710041112e-08,-3.622709679755e-08,9.319079853107,0.697995,0.000659664
9.32932932932933,3.622710751678e-08,-3.622710396183e-08,9.32909181338,0.697995,0.000659662
9.33933933933934,3.622709026994e-08,-3.622708677267e-08,9.339103757862,0.697995,0.000659659
9.34934934934935,3.622710360794e-08,-3.622710016741e-08,9.349115686454,0.697995,0.000659656
9.35935935935936,3.622710361575e-08,-3.622710023103e-08,9.359127599467,0.697995,0.000659654
9.36936936936937,3.622710129607e-08,-3.622709796626e-08,9.369139496983,0.697995,0.000659651
9.37937937937938,3.622710765163e-08,-3.622710437584e-08,9.379151379084,0.697995,0.000659649
9.38938938938939,3.622710073376e-08,-3.622709751112e-08,9.389163245983,0.697995,0.000659646
9.3993993993994,3.622710252869e-08,-3.622709935833e-08,9.399175097716,0.697995,0.000659643
9.40940940940941,3.622710207115e-08,-3.622709895222e-08,9.409186934452,0.697995,0.000659641
9.41941941941942,3.622709937951e-08,-3.622709631117e-08,9.419198756312,0.697995,0.000659638
9.42942942942943,3.622709447195e-08,-3.622709145339e-08,9.429210563417,0.697995,0.000659636
9.43943943943944,3.622710933456e-08,-3.622710636497e-08,9.439222355803,0.697995,0.000659634
9.44944944944945,3.622710004929e-08,-3.622709712787e-08,9.449234133759,0.697995,0.000659631
9.45945945945946,3.622709958592e-08,-3.622709671189e-08,9.459245897275,0.697995,0.000659629
9.46946946946947,3.622709697806e-08,-3.622709415066e-08,9.469257646513,0.697995,0.000659626
9.47947947947948,3.622709224319e-08,-3.622708946166e-08,9.479269381587,0.697995,0.000659624
9.48948948948949,3.622709638284e-08,-3.622709364643e-08,9.489281102573,0.697995,0.000659622
9.4994994994995,3.622709843007e-08,-3.622709573805e-08,9.499292809627,0.697995,0.000659619
9.50950950950951,3.622709840193e-08,-3.622709575358e-08,9.509304502861,0.697995,0.000659617
9.51951951951952,3.622709631533e-08,-3.622709370994e-08,9.519316182388,0.697995,0.000659615
9.52952952952953,3.62271031714e-08,-3.622710060827e-08,9.529327848281,0.697995,0.000659613
9.53953953953954,3.622710800248e-08,-3.622710548093e-08,9.53933950069,0.697995,0.00065961
9.54954954954955,3.622709984064e-08,-3.622709736e-08,9.549351139763,0.697995,0.000659608
9.55955955955956,3.622710067108e-08,-3.622709823068e-08,9.559362765533,0.697995,0.000659606
9.56956956956957,3.622709952563e-08,-3.622709712482e-08,9.569374378145,0.697995,0.000659604
9.57957957957958,3.622709642039e-08,-3.622709405851e-08,9.579385977707,0.697995,0.000659601
9.58958958958959,3.622709137131e-08,-3.622708904776e-08,9.589397564326,0.697995,0.000659599
9.5995995995996,3.622710636347e-08,-3.622710407761e-08,9.599409138032,0.697995,0.000659597
9.60960960960961,3.62270974742e-08,-3.622709522541e-08,9.609420699079,0.697995,0.000659595
9.61961961961962,3.62270976729e-08,-3.622709546059e-08,9.619432247459,0.697995,0.000659593
9.62962962962963,3.622710697513e-08,-3.622710479871e-08,9.629443783276,0.697995,0.000659591
9.63963963963964,3.622710342682e-08,-3.62271012857e-08,9.639455306705,0.697995,0.000659589
9.64964964964965,3.622709802786e-08,-3.622709592147e-08,9.64946681781,0.697995,0.000659587
9.65965965965966,3.622710177813e-08,-3.622709970591e-08,9.659478316657,0.697995,0.000659585
9.66966966966967,3.622710370784e-08,-3.622710166924e-08,9.669489803381,0.697995,0.000659583
9.67967967967968,3.622710383182e-08,-3.622710182629e-08,9.67950127808,0.697995,0.000659581
9.68968968968969,3.622709117987e-08,-3.622708920686e-08,9.689512740886,0.697995,0.000659579
9.6996996996997,3.622709872132e-08,-3.622709678032e-08,9.699524191795,0.697995,0.000659577
9.70970970970971,3.622710450088e-08,-3.622710259136e-08,9.709535630971,0.697995,0.000659575
9.71971971971972,3.622709754788e-08,-3.622709566934e-08,9.719547058544,0.697995,0.000659573
9.72972972972973,3.622709984656e-08,-3.622709799849e-08,9.72955847454,0.697995,0.000659571
9.73973973973974,3.622710042606e-08,-3.622709860797e-08,9.739569879088,0.697995,0.000659569
9.74974974974975,3.622709930038e-08,-3.622709751178e-08,9.749581272281,0.697995,0.000659567
9.75975975975976,3.622709648341e-08,-3.622709472382e-08,9.759592654211,0.697995,0.000659565
9.76976976976977,3.62271029741e-08,-3.622710124305e-08,9.769604024938,0.697995,0.000659563
9.77977977977978,3.622710780101e-08,-3.622710609804e-08,9.779615384586,0.697995,0.000659562
9.78978978978979,3.622709999245e-08,-3.622709831709e-08,9.789626733275,0.697995,0.00065956
9.7997997997998,3.62271015323e-08,-3.622709988412e-08,9.799638071033,0.697995,0.000659558
9.80980980980981,3.622710144869e-08,-3.622709982725e-08,9.80964939798,0.697995,0.000659556
9.81981981981982,3.622709975485e-08,-3.622709815971e-08,9.819660714204,0.697995,0.000659554
9.82982982982983,3.622710744925e-08,-3.622710587998e-08,9.829672019761,0.697995,0.000659553
9.83983983983984,3.622710257422e-08,-3.62271010304e-08,9.8396833148,0.697995,0.000659551
9.84984984984985,3.622710711339e-08,-3.622710559462e-08,9.849694599346,0.697995,0.000659549
9.85985985985986,3.622709910878e-08,-3.622709761463e-08,9.859705873543,0.697995,0.000659547
9.86986986986987,3.622710054392e-08,-3.622709907401e-08,9.869717137418,0.697995,0.000659546
9.87987987987988,3.6227100446e-08,-3.622709899993e-08,9.879728391083,0.697995,0.000659544
9.88988988988989,3.62270988275e-08,-3.622709740489e-08,9.889739634622,0.697995,0.000659542
9.8998998998999,3.622709570081e-08,-3.622709430127e-08,9.899750868117,0.697995,0.00065954
9.90990990990991,3.622710206379e-08,-3.622710068696e-08,9.909762091622,0.697995,0.000659539
9.91991991991992,3.62270959575e-08,-3.6227094603e-08,9.919773305274,0.697995,0.000659537
9.92992992992993,3.622709936521e-08,-3.622709803267e-08,9.929784509098,0.697995,0.000659536
9.93993993993994,3.622710131332e-08,-3.62271000024e-08,9.939795703201,0.697995,0.000659534
9.94994994994995,3.622710181373e-08,-3.622710052407e-08,9.949806887664,0.697995,0.000659532
9.95995995995996,3.622710087822e-08,-3.622709960947e-08,9.959818062564,0.697995,0.000659531
9.96996996996997,3.622710950423e-08,-3.622710825606e-08,9.969829227952,0.697995,0.000659529
9.97997997997998,3.62271057319e-08,-3.622710450398e-08,9.97984038396,0.697995,0.000659528
9.98998998998999,3.622710055846e-08,-3.622709935045e-08,9.989851530637,0.697995,0.000659526
10.0,3.622710498114e-08,-3.622710379272e-08,9.999862668032,0.697995,0.000659525
